date,open,high,low,close,dealnum,volume
2010/11/8,1.049,1.069,1.028,1.063,19.75,18821200
2010/11/9,1.068,1.096,1.058,1.078,23.97,22203700
2010/11/10,1.079,1.079,1.045,1.069,24.19,22873700
2010/11/11,1.052,1.081,1.052,1.052,22.8,21382000
2010/11/12,1.037,1.043,0.947,0.947,52.14,52708300
2010/11/15,0.947,0.958,0.921,0.94,12.8,13640800
2010/11/16,0.923,0.938,0.856,0.861,17.19,19251100
2010/11/17,0.849,0.882,0.83,0.85,32.92,38353700
2010/11/18,0.861,0.877,0.848,0.871,19.31,22338300
2010/11/19,0.872,0.887,0.833,0.887,18.19,21209000
2010/11/22,0.869,0.89,0.859,0.88,20.82,23887300
2010/11/23,0.865,0.865,0.83,0.848,17.1,20241000
2010/11/24,0.845,0.888,0.842,0.888,23.09,26542900
2010/11/25,0.89,0.901,0.874,0.897,18.45,20740900
2010/11/26,0.889,0.912,0.878,0.888,13,14621600
2010/11/29,0.873,0.89,0.869,0.88,11.38,12961700
2010/11/30,0.87,0.883,0.831,0.858,20.34,23781200
2010/12/1,0.851,0.868,0.845,0.852,7.2,8399200
2010/12/2,0.869,0.888,0.86,0.872,22.02,25110000
2010/12/3,0.869,0.879,0.862,0.864,12.41,14266600
2010/12/6,0.865,0.876,0.86,0.874,11.41,13124600
2010/12/7,0.866,0.902,0.851,0.895,16.5,18880800
2010/12/8,0.883,0.91,0.882,0.89,18.19,20223500
2010/12/9,0.876,0.89,0.863,0.863,10.85,12386300
2010/12/10,0.862,0.891,0.851,0.885,18.34,21069800
2010/12/13,0.885,0.956,0.881,0.956,35.49,38978600
2010/12/14,0.959,1.03,0.949,0.98,64.56,65789300
2010/12/15,0.978,0.984,0.955,0.959,29.08,30027200
2010/12/16,0.958,0.974,0.95,0.956,22.33,23247000
2010/12/17,0.953,0.953,0.933,0.944,47.41,50388400
2010/12/20,0.942,0.955,0.902,0.929,39.17,42322600
2010/12/21,0.929,0.976,0.923,0.968,46.45,48777400
2010/12/22,0.97,0.987,0.945,0.952,33.37,34457400
2010/12/23,0.951,0.98,0.94,0.953,35.98,37484000
2010/12/24,0.938,0.962,0.931,0.946,36.19,38265300
2010/12/27,0.96,0.985,0.917,0.919,57.49,59779900
2010/12/28,0.909,0.927,0.905,0.909,36.13,39432600
2010/12/29,0.915,0.919,0.903,0.914,20.19,22184100
2010/12/30,0.912,0.912,0.878,0.894,41.46,46438700
2010/12/31,0.89,0.92,0.89,0.92,40.48,44858500
2011/1/4,0.928,0.946,0.914,0.938,40.12,43215400
2011/1/5,0.931,0.935,0.92,0.921,22.65,24494400
2011/1/6,0.919,0.931,0.912,0.912,16.46,17921800
2011/1/7,0.914,0.949,0.908,0.922,58.1,62340100
2011/1/10,0.922,0.933,0.898,0.9,27.83,30413400
2011/1/11,0.899,0.91,0.89,0.908,13.49,14952600
2011/1/12,0.912,0.919,0.897,0.915,16.26,17900100
2011/1/13,0.92,0.924,0.908,0.912,12.65,13849100
2011/1/14,0.905,0.908,0.889,0.89,17.24,19229600
2011/1/17,0.882,0.884,0.842,0.848,25.42,29535500
2011/1/18,0.846,0.855,0.84,0.85,7.42,8757100
2011/1/19,0.846,0.88,0.846,0.875,19.19,22227200
2011/1/20,0.873,0.875,0.826,0.826,24.06,28546100
2011/1/21,0.827,0.856,0.823,0.838,19.85,23654000
2011/1/24,0.834,0.839,0.8,0.806,27.3,33450800
2011/1/25,0.805,0.815,0.796,0.809,15.43,19069900
2011/1/26,0.809,0.83,0.808,0.825,11.3,13762400
2011/1/27,0.817,0.845,0.809,0.841,17.3,20814100
2011/1/28,0.836,0.847,0.834,0.843,11.19,13321500
2011/1/31,0.848,0.854,0.838,0.847,11.59,13712000
2011/2/1,0.847,0.851,0.838,0.841,8.05,9561500
2011/2/9,0.835,0.843,0.817,0.818,11.37,13709900
2011/2/10,0.815,0.872,0.815,0.872,25.2,29877000
2011/2/11,0.869,0.888,0.861,0.88,30.81,35171400
2011/2/14,0.883,0.947,0.883,0.942,69.24,74893900
2011/2/15,0.945,0.965,0.94,0.94,47.04,49475400
2011/2/16,0.937,0.958,0.931,0.955,35.31,37325600
2011/2/17,0.955,0.961,0.933,0.949,36.98,38995400
2011/2/18,0.944,0.944,0.921,0.932,20.54,22000300
2011/2/21,0.926,0.975,0.926,0.975,41.06,43180000
2011/2/22,0.975,0.978,0.921,0.928,62.16,66236300
2011/2/23,0.924,0.939,0.922,0.932,23.16,24885200
2011/2/24,0.929,0.941,0.919,0.93,18.59,19997800
2011/2/25,0.926,0.943,0.918,0.934,21.11,22650600
2011/2/28,0.934,0.968,0.928,0.965,34.58,36368400
2011/3/1,0.965,0.998,0.961,0.988,56.44,57476400
2011/3/2,0.976,0.984,0.949,0.983,41.88,43181700
2011/3/3,0.982,0.996,0.964,0.964,34.38,34952500
2011/3/4,0.965,0.994,0.96,0.993,33.77,34540000
2011/3/7,1,1.029,1,1.024,48.33,47468800
2011/3/8,1.02,1.032,1.015,1.027,31.96,31247700
2011/3/9,1.035,1.04,1.018,1.033,36.2,35104000
2011/3/10,1.022,1.022,0.998,0.998,35.24,34942800
2011/3/11,0.994,1.008,0.955,0.972,48.18,49045800
2011/3/14,0.97,0.986,0.961,0.986,32.93,33769900
2011/3/15,0.978,0.978,0.944,0.966,43.31,45220300
2011/3/16,0.965,0.991,0.965,0.99,38.72,39432700
2011/3/17,0.974,0.98,0.955,0.966,39.1,40427900
2011/3/18,0.977,0.986,0.969,0.977,18.97,19409500
2011/3/21,0.978,0.984,0.965,0.966,21.95,22556300
2011/3/22,0.971,0.973,0.952,0.971,16.44,17037000
2011/3/23,0.967,0.992,0.966,0.985,35.64,36265300
2011/3/24,0.98,0.987,0.97,0.972,23.41,23926800
2011/3/25,0.971,1,0.971,0.994,57.17,57829700
2011/3/28,0.995,1.01,0.981,0.985,36.36,36524300
2011/3/29,0.98,0.989,0.954,0.958,47.07,48541800
2011/3/30,0.956,0.965,0.948,0.955,20.14,21061900
2011/3/31,0.962,0.962,0.934,0.94,23.6,24983800
2011/4/1,0.94,0.956,0.936,0.955,18.19,19199400
2011/4/6,0.951,0.962,0.946,0.956,21.65,22667300
2011/4/7,0.957,0.962,0.948,0.957,39.17,41063200
2011/4/8,0.953,0.971,0.95,0.97,37.31,38720400
2011/4/11,0.969,0.975,0.954,0.955,40.6,41943300
2011/4/12,0.95,0.97,0.949,0.959,31.8,33174900
2011/4/13,0.957,0.974,0.944,0.974,29.13,30430400
2011/4/14,0.971,0.975,0.959,0.961,18.76,19413500
2011/4/15,0.958,0.969,0.945,0.956,17.74,18565000
2011/4/18,0.949,0.956,0.945,0.948,16,16847600
2011/4/19,0.941,0.942,0.922,0.925,27.87,29951500
2011/4/20,0.927,0.933,0.925,0.928,14.06,15147800
2011/4/21,0.931,0.94,0.93,0.935,13.23,14155100
2011/4/22,0.935,0.936,0.926,0.929,10.86,11680700
2011/4/25,0.928,0.929,0.902,0.905,23.19,25456200
2011/4/26,0.903,0.904,0.889,0.896,10.89,12158000
2011/4/27,0.9,0.905,0.885,0.892,12.64,14108500
2011/4/28,0.895,0.898,0.875,0.877,15.64,17644800
2011/4/29,0.876,0.889,0.876,0.888,13.9,15738600
2011/5/3,0.885,0.886,0.879,0.886,11.37,12867200
2011/5/4,0.883,0.883,0.852,0.855,14.37,16578900
2011/5/5,0.851,0.859,0.843,0.853,9.82,11522800
2011/5/6,0.848,0.859,0.842,0.854,10.35,12185400
2011/5/9,0.854,0.865,0.854,0.859,7.68,8928200
2011/5/10,0.861,0.865,0.855,0.865,6.73,7810000
2011/5/11,0.866,0.868,0.854,0.86,6.99,8098500
2011/5/12,0.855,0.861,0.846,0.853,11.53,13483200
2011/5/13,0.855,0.88,0.852,0.877,17.92,20750700
2011/5/16,0.87,0.879,0.863,0.863,6.88,7897300
2011/5/17,0.862,0.883,0.856,0.871,14.63,16790000
2011/5/18,0.868,0.88,0.865,0.877,14.69,16796700
2011/5/19,0.878,0.88,0.867,0.868,8.57,9788800
2011/5/20,0.865,0.874,0.865,0.87,12.21,14029700
2011/5/23,0.868,0.869,0.825,0.83,30.95,36583500
2011/5/24,0.829,0.837,0.819,0.83,17.06,20634100
2011/5/25,0.83,0.83,0.813,0.815,19.21,23332600
2011/5/26,0.821,0.823,0.8,0.809,30.78,38012800
2011/5/27,0.806,0.809,0.799,0.8,14.76,18386400
2011/5/30,0.797,0.805,0.786,0.795,17.62,22139000
2011/5/31,0.796,0.813,0.782,0.81,26.87,33603300
2011/6/1,0.808,0.811,0.802,0.807,14.7,18227000
2011/6/2,0.8,0.8,0.779,0.785,20.05,25458500
2011/6/3,0.786,0.801,0.785,0.798,28.8,36271500
2011/6/7,0.792,0.8,0.792,0.798,16.5,20733700
2011/6/8,0.798,0.801,0.785,0.8,14.32,18053600
2011/6/9,0.798,0.798,0.78,0.782,14.74,18662300
2011/6/10,0.783,0.795,0.774,0.79,9.75,12457400
2011/6/13,0.78,0.789,0.775,0.786,14.94,19118000
2011/6/14,0.784,0.812,0.784,0.809,20.97,26161500
2011/6/15,0.805,0.816,0.801,0.801,22.48,27815200
2011/6/16,0.79,0.791,0.777,0.78,21.66,27592800
2011/6/17,0.782,0.789,0.777,0.781,11.05,14098900
2011/6/20,0.782,0.788,0.774,0.78,15.65,20085600
2011/6/21,0.78,0.793,0.78,0.793,26.31,33454000
2011/6/22,0.794,0.799,0.785,0.793,18.33,23077900
2011/6/23,0.789,0.828,0.782,0.823,34.3,42668700
2011/6/24,0.818,0.867,0.818,0.859,54.73,64907900
2011/6/27,0.857,0.874,0.85,0.858,32.3,37441900
2011/6/28,0.858,0.862,0.849,0.858,19.97,23357700
2011/6/29,0.86,0.862,0.838,0.84,36.31,42723100
2011/6/30,0.84,0.87,0.84,0.861,63.7,73951000
2011/7/1,0.863,0.871,0.852,0.862,48.9,56779600
2011/7/4,0.87,0.9,0.87,0.898,42.98,48375900
2011/7/5,0.897,0.909,0.895,0.906,58.4,64618800
2011/7/6,0.903,0.912,0.892,0.909,29.69,32942000
2011/7/7,0.912,0.928,0.906,0.913,55.6,60760500
2011/7/8,0.908,0.917,0.901,0.909,38.11,41952600
2011/7/11,0.903,0.918,0.895,0.918,38.53,42518700
2011/7/12,0.906,0.906,0.893,0.896,37.49,41674800
2011/7/13,0.893,0.925,0.893,0.923,35.34,38762900
2011/7/14,0.924,0.936,0.911,0.926,36.21,39128200
2011/7/15,0.921,0.933,0.913,0.926,29.6,32059500
2011/7/18,0.926,0.927,0.901,0.905,42.72,46824100
2011/7/19,0.9,0.9,0.887,0.896,23.68,26494200
2011/7/20,0.9,0.909,0.887,0.908,26.8,29900500
2011/7/21,0.9,0.903,0.884,0.888,20.64,23098000
2011/7/22,0.891,0.903,0.885,0.89,26.44,29591600
2011/7/25,0.872,0.885,0.842,0.853,46.74,54114400
2011/7/26,0.851,0.854,0.839,0.848,19.47,23022100
2011/7/27,0.845,0.861,0.833,0.858,33.48,39367500
2011/7/28,0.85,0.854,0.837,0.851,17.77,21050900
2011/7/29,0.849,0.859,0.838,0.845,21,24725000
2011/8/1,0.845,0.854,0.84,0.85,15.32,18054500
2011/8/2,0.84,0.847,0.825,0.847,29.35,35283100
2011/8/3,0.836,0.854,0.832,0.847,21.37,25286700
2011/8/4,0.851,0.862,0.845,0.849,21.36,24999800
2011/8/5,0.826,0.837,0.811,0.832,34.12,41121200
2011/8/8,0.82,0.836,0.797,0.805,46.89,57639100
2011/8/9,0.791,0.826,0.78,0.813,37.34,46312200
2011/8/10,0.83,0.834,0.812,0.813,29.48,35780300
2011/8/11,0.8,0.831,0.795,0.831,35.21,43089400
2011/8/12,0.833,0.838,0.824,0.829,22.77,27400900
2011/8/15,0.829,0.843,0.82,0.84,31.47,37788900
2011/8/16,0.837,0.842,0.829,0.829,20.32,24360600
2011/8/17,0.829,0.837,0.822,0.823,12.25,14818300
2011/8/18,0.822,0.823,0.801,0.805,20.15,24854000
2011/8/19,0.793,0.799,0.779,0.787,31.05,39438400
2011/8/22,0.789,0.793,0.774,0.778,27.94,35777200
2011/8/23,0.78,0.797,0.778,0.794,33.74,42865700
2011/8/24,0.799,0.805,0.787,0.789,29.95,37619600
2011/8/25,0.789,0.836,0.786,0.834,64.04,78595900
2011/8/26,0.825,0.838,0.821,0.829,42.79,51602800
2011/8/29,0.817,0.818,0.802,0.805,52.72,65301300
2011/8/30,0.81,0.823,0.786,0.788,63.71,78994700
2011/8/31,0.787,0.8,0.786,0.794,46.97,59264500
2011/9/1,0.796,0.809,0.788,0.796,25.48,31938400
2011/9/2,0.792,0.795,0.777,0.784,27.71,35397000
2011/9/5,0.775,0.775,0.76,0.763,28.54,37208500
2011/9/6,0.758,0.765,0.756,0.757,24.01,31608600
2011/9/7,0.762,0.786,0.762,0.785,43.06,55592300
2011/9/8,0.789,0.795,0.782,0.782,49.29,62496300
2011/9/9,0.783,0.8,0.76,0.773,51.07,65626700
2011/9/13,0.757,0.768,0.747,0.76,30.5,40389500
2011/9/14,0.764,0.777,0.753,0.777,45.46,59183300
2011/9/15,0.776,0.79,0.774,0.777,29.91,38237400
2011/9/16,0.786,0.789,0.774,0.776,33.85,43252600
2011/9/19,0.77,0.771,0.757,0.758,26.66,35047800
2011/9/20,0.757,0.778,0.753,0.771,54.03,70208900
2011/9/21,0.77,0.821,0.759,0.815,112.05,140198100
2011/9/22,0.802,0.813,0.78,0.784,84.35,106053000
2011/9/23,0.77,0.785,0.766,0.78,54.44,70165600
2011/9/26,0.776,0.793,0.769,0.772,70.52,90553600
2011/9/27,0.78,0.805,0.777,0.794,70.65,89482800
2011/9/28,0.808,0.81,0.789,0.795,48.27,60301300
2011/9/29,0.786,0.81,0.782,0.8,54.69,68437800
2011/9/30,0.805,0.805,0.776,0.783,46.22,58743400
2011/10/10,0.782,0.789,0.776,0.779,18.96,24242100
2011/10/11,0.807,0.825,0.778,0.79,69.14,86678700
2011/10/12,0.78,0.825,0.775,0.818,92.58,114104800
2011/10/13,0.818,0.825,0.796,0.807,96.19,118847500
2011/10/14,0.8,0.802,0.765,0.78,98.47,125983300
2011/10/17,0.777,0.786,0.765,0.766,55.77,72303300
2011/10/18,0.76,0.762,0.729,0.73,63.11,84544600
2011/10/19,0.731,0.737,0.696,0.7,51.95,72941600
2011/10/20,0.691,0.691,0.654,0.663,74.95,113072700
2011/10/21,0.662,0.664,0.64,0.643,58.88,90301300
2011/10/24,0.632,0.674,0.581,0.663,61.24,95962700
2011/10/25,0.656,0.687,0.65,0.678,62.76,93745600
2011/10/26,0.671,0.695,0.67,0.681,63.14,92120100
2011/10/27,0.683,0.687,0.663,0.671,40.25,59605600
2011/10/28,0.685,0.705,0.682,0.703,78.48,113346600
2011/10/31,0.7,0.706,0.697,0.705,36.85,52504900
2011/11/1,0.687,0.714,0.67,0.685,107.42,156222100
2011/11/2,0.669,0.704,0.666,0.703,70.21,102835600
2011/11/3,0.709,0.721,0.704,0.706,85.68,120044900
2011/11/4,0.714,0.72,0.708,0.715,41.58,58150100
2011/11/7,0.711,0.714,0.7,0.7,28.32,40167600
2011/11/8,0.702,0.707,0.695,0.697,26.9,38408200
2011/11/9,0.701,0.714,0.688,0.714,38.67,55068900
2011/11/10,0.701,0.706,0.691,0.692,39.67,56807400
2011/11/11,0.693,0.696,0.674,0.683,42.91,62125100
2011/11/14,0.692,0.697,0.683,0.695,60.62,87814000
2011/11/15,0.69,0.692,0.679,0.682,37.53,54890000
2011/11/16,0.683,0.683,0.642,0.648,41.3,62588700
2011/11/17,0.649,0.653,0.636,0.637,34.26,53226300
2011/11/18,0.629,0.629,0.611,0.613,33.19,53721500
2011/11/21,0.611,0.614,0.603,0.613,21.12,34729800
2011/11/22,0.607,0.616,0.604,0.616,23.81,39083000
2011/11/23,0.615,0.617,0.599,0.604,25.73,42447600
2011/11/24,0.591,0.61,0.591,0.603,24.34,40532800
2011/11/25,0.598,0.608,0.597,0.598,21.02,34917900
2011/11/28,0.602,0.606,0.596,0.604,15.52,25809400
2011/11/29,0.613,0.617,0.606,0.613,19.81,32413800
2011/11/30,0.61,0.614,0.574,0.58,31.33,53026900
2011/12/1,0.607,0.619,0.601,0.604,58.15,95242300
2011/12/2,0.6,0.6,0.586,0.589,15.94,26918100
2011/12/5,0.589,0.593,0.568,0.57,22.57,39257500
2011/12/6,0.567,0.581,0.564,0.578,21.41,37377400
2011/12/7,0.577,0.581,0.572,0.579,15.43,26717900
2011/12/8,0.578,0.59,0.571,0.58,21.17,36569900
2011/12/9,0.574,0.581,0.563,0.564,20.09,35255400
2011/12/12,0.562,0.566,0.557,0.559,19.59,34866200
2011/12/13,0.557,0.56,0.55,0.551,18.2,32820200
2011/12/14,0.554,0.557,0.55,0.551,16.48,29784800
2011/12/15,0.544,0.549,0.536,0.538,20.3,37287300
2011/12/16,0.54,0.55,0.507,0.544,30.06,56899500
2011/12/19,0.529,0.546,0.515,0.539,25.5,48428500
2011/12/20,0.536,0.549,0.527,0.527,17.36,32290900
2011/12/21,0.535,0.536,0.51,0.512,14.88,28234100
2011/12/22,0.5,0.512,0.488,0.502,18.43,36923300
2011/12/23,0.5,0.514,0.495,0.496,16.76,33384000
2011/12/26,0.49,0.507,0.489,0.492,12.75,25695000
2011/12/27,0.492,0.492,0.472,0.474,12.84,26693000
2011/12/28,0.47,0.473,0.454,0.47,21.57,46606600
2011/12/29,0.467,0.479,0.465,0.477,13.6,28807400
2011/12/30,0.478,0.493,0.478,0.489,19.37,39736700
2012/1/4,0.494,0.495,0.459,0.46,22.93,48162800
2012/1/5,0.455,0.459,0.447,0.449,14.57,32182700
2012/1/6,0.449,0.458,0.437,0.456,13.78,30863800
2012/1/9,0.448,0.496,0.444,0.495,37.02,78588300
2012/1/10,0.49,0.543,0.485,0.54,62.43,120755800
2012/1/11,0.538,0.563,0.527,0.544,79.39,146423700
2012/1/12,0.526,0.562,0.526,0.548,64.49,117642700
2012/1/13,0.544,0.549,0.516,0.533,66.58,124799800
2012/1/16,0.52,0.531,0.512,0.513,42.75,81959100
2012/1/17,0.516,0.564,0.511,0.564,73.03,134664000
2012/1/18,0.577,0.6,0.556,0.564,120.71,208963100
2012/1/19,0.556,0.584,0.553,0.579,78.45,137398900
2012/1/20,0.583,0.586,0.559,0.567,58.91,103149800
2012/1/30,0.571,0.573,0.54,0.541,42.71,76890400
2012/1/31,0.54,0.547,0.534,0.545,30.73,56880600
2012/2/1,0.541,0.558,0.536,0.538,47.45,86835200
2012/2/2,0.541,0.568,0.537,0.568,69,125115900
2012/2/3,0.566,0.576,0.55,0.567,68.71,121909500
2012/2/6,0.571,0.572,0.556,0.562,49.06,86845800
2012/2/7,0.557,0.557,0.54,0.545,41.11,75107200
2012/2/8,0.546,0.589,0.542,0.585,78.98,139009300
2012/2/9,0.578,0.588,0.572,0.578,53.69,92460400
2012/2/10,0.575,0.597,0.57,0.584,62.03,105923400
2012/2/13,0.57,0.599,0.565,0.59,72.91,124600400
2012/2/14,0.584,0.591,0.576,0.582,46.28,79331200
2012/2/15,0.58,0.614,0.575,0.603,81.7,136694400
2012/2/16,0.599,0.605,0.59,0.597,58.16,97318600
2012/2/17,0.602,0.609,0.591,0.599,43.66,72820500
2012/2/20,0.613,0.615,0.599,0.6,57.26,94474500
2012/2/21,0.601,0.609,0.588,0.609,58.23,97336500
2012/2/22,0.608,0.629,0.606,0.628,85.86,139004700
2012/2/23,0.628,0.633,0.62,0.625,45.44,72534800
2012/2/24,0.624,0.644,0.621,0.643,82.2,129847200
2012/2/27,0.647,0.666,0.641,0.646,89.75,137868900
2012/2/28,0.644,0.651,0.638,0.647,49.32,76552400
2012/2/29,0.641,0.652,0.633,0.638,55.08,85814700
2012/3/1,0.636,0.648,0.634,0.64,33.46,52185400
2012/3/2,0.641,0.664,0.641,0.664,61.22,93531100
2012/3/5,0.67,0.672,0.66,0.661,58.09,87239100
2012/3/6,0.656,0.659,0.645,0.649,60.02,92246100
2012/3/7,0.636,0.658,0.633,0.641,56.55,87485200
2012/3/8,0.647,0.662,0.646,0.658,56.31,86044600
2012/3/9,0.662,0.671,0.657,0.671,63.04,94879600
2012/3/12,0.67,0.673,0.658,0.666,49.87,74947000
2012/3/13,0.665,0.675,0.664,0.675,49.53,73813400
2012/3/14,0.68,0.685,0.636,0.645,92.25,139298100
2012/3/15,0.646,0.67,0.633,0.67,70.24,108840300
2012/3/16,0.649,0.66,0.64,0.66,59.85,91582400
2012/3/19,0.66,0.662,0.652,0.661,39.67,60317900
2012/3/20,0.658,0.658,0.64,0.642,47.49,73370900
2012/3/21,0.646,0.653,0.63,0.638,42.48,66259900
2012/3/22,0.635,0.638,0.623,0.626,40.12,63803500
2012/3/23,0.62,0.622,0.594,0.598,72.16,119302800
2012/3/26,0.598,0.607,0.594,0.607,45.05,74900100
2012/3/27,0.61,0.615,0.603,0.604,31.73,52056300
2012/3/28,0.598,0.601,0.562,0.571,45.13,77196000
2012/3/29,0.568,0.571,0.556,0.563,37.09,65847300
2012/3/30,0.563,0.567,0.549,0.555,43.06,77329800
2012/4/5,0.555,0.591,0.551,0.59,65.8,114263000
2012/4/6,0.589,0.597,0.581,0.592,46.21,78400200
2012/4/9,0.587,0.592,0.58,0.58,28.5,48748500
2012/4/10,0.579,0.602,0.568,0.602,52.85,90893900
2012/4/11,0.593,0.628,0.59,0.612,66.8,109497400
2012/4/12,0.615,0.651,0.606,0.651,99.67,158654800
2012/4/13,0.651,0.669,0.651,0.658,115.03,174507200
2012/4/16,0.65,0.66,0.645,0.657,64.57,99137700
2012/4/17,0.65,0.653,0.632,0.637,71.04,110416800
2012/4/18,0.639,0.676,0.636,0.671,141.48,214908800
2012/4/19,0.663,0.674,0.655,0.658,92,138683700
2012/4/20,0.653,0.673,0.653,0.661,117.36,177332300
2012/4/23,0.659,0.661,0.639,0.642,72.57,112002000
2012/4/24,0.633,0.659,0.62,0.646,120.83,188888000
2012/4/25,0.639,0.652,0.637,0.647,58.04,89903900
2012/4/26,0.65,0.653,0.642,0.648,62.35,96165600
2012/4/27,0.646,0.658,0.642,0.65,53.79,82737900
2012/5/2,0.662,0.686,0.657,0.679,123.82,184459900
2012/5/3,0.673,0.685,0.672,0.681,70.53,103800000
2012/5/4,0.679,0.69,0.674,0.69,69.55,101682400
2012/5/7,0.686,0.69,0.682,0.689,56.98,83053900
2012/5/8,0.69,0.691,0.674,0.682,48.35,70881500
2012/5/9,0.674,0.675,0.667,0.669,53.27,79392900
2012/5/10,0.667,0.673,0.661,0.663,47.01,70523900
2012/5/11,0.662,0.674,0.658,0.661,58.95,88394000
2012/5/14,0.669,0.673,0.649,0.65,111.78,169128800
2012/5/15,0.64,0.657,0.638,0.655,63.1,97513300
2012/5/16,0.653,0.653,0.64,0.64,52.73,81611300
2012/5/17,0.644,0.656,0.634,0.653,80.37,124248600
2012/5/18,0.648,0.648,0.632,0.634,66.11,103191800
2012/5/21,0.634,0.644,0.622,0.633,56.19,88605800
2012/5/22,0.636,0.647,0.636,0.647,63.52,98852100
2012/5/23,0.645,0.65,0.636,0.644,65.98,102532100
2012/5/24,0.642,0.646,0.627,0.63,51.8,81473300
2012/5/25,0.628,0.632,0.612,0.618,61,98199700
2012/5/28,0.613,0.65,0.596,0.649,119.8,191264300
2012/5/29,0.645,0.669,0.64,0.658,129.74,198616200
2012/5/30,0.654,0.657,0.648,0.651,70.76,108537800
2012/5/31,0.645,0.656,0.641,0.65,67.74,104634400
2012/6/1,0.648,0.658,0.644,0.648,62.45,95929300
2012/6/4,0.634,0.641,0.611,0.617,85.67,136269600
2012/6/5,0.62,0.623,0.596,0.6,90.64,149062900
2012/6/6,0.604,0.607,0.587,0.592,78.51,131984500
2012/6/7,0.603,0.606,0.577,0.58,91.37,154475500
2012/6/8,0.589,0.592,0.575,0.58,129.42,221676600
2012/6/11,0.583,0.599,0.577,0.593,88.21,149870100
2012/6/12,0.586,0.59,0.577,0.583,77.35,132669000
2012/6/13,0.585,0.603,0.584,0.601,108.93,183236400
2012/6/14,0.597,0.607,0.594,0.595,83.58,139328300
2012/6/15,0.599,0.603,0.587,0.598,71.81,120360600
2012/6/18,0.603,0.611,0.6,0.606,83.55,138029300
2012/6/19,0.604,0.604,0.595,0.596,64.29,107177900
2012/6/20,0.598,0.602,0.591,0.594,41.91,70153200
2012/6/21,0.592,0.592,0.575,0.578,86.35,148697900
2012/6/25,0.575,0.575,0.559,0.56,68.74,121487000
2012/6/26,0.558,0.57,0.555,0.564,80.28,142625200
2012/6/27,0.565,0.571,0.559,0.559,47.06,83352000
2012/6/28,0.561,0.567,0.556,0.557,50.7,90354300
2012/6/29,0.554,0.571,0.549,0.571,59.46,105373700
2012/7/2,0.574,0.576,0.566,0.57,53.67,93873700
2012/7/3,0.57,0.579,0.566,0.572,82.89,144233500
2012/7/4,0.573,0.577,0.563,0.565,43.85,77154700
2012/7/5,0.56,0.562,0.548,0.552,52.12,94284500
2012/7/6,0.554,0.595,0.548,0.585,104.18,183390900
2012/7/9,0.579,0.588,0.564,0.567,98.59,171050900
2012/7/10,0.563,0.574,0.558,0.568,68.17,120313900
2012/7/11,0.565,0.588,0.562,0.588,134.49,232548600
2012/7/12,0.581,0.608,0.58,0.603,134.04,225333200
2012/7/13,0.598,0.61,0.595,0.604,93.83,155453400
2012/7/16,0.604,0.606,0.578,0.58,105.15,179224500
2012/7/17,0.576,0.591,0.574,0.587,72.58,124508300
2012/7/18,0.583,0.589,0.566,0.588,90.78,156722500
2012/7/19,0.586,0.604,0.577,0.589,153.88,259992800
2012/7/20,0.583,0.587,0.572,0.575,82.65,142522800
2012/7/23,0.568,0.568,0.558,0.561,56.95,101336100
2012/7/24,0.556,0.585,0.554,0.573,84.42,147537800
2012/7/25,0.569,0.576,0.553,0.554,107.46,190846700
2012/7/26,0.556,0.566,0.55,0.555,80.79,144679700
2012/7/27,0.559,0.562,0.552,0.553,67.7,121795500
2012/7/30,0.555,0.56,0.55,0.554,77.11,138819200
2012/7/31,0.552,0.563,0.551,0.551,84.95,152860900
2012/8/1,0.553,0.569,0.552,0.562,108.14,192584500
2012/8/2,0.56,0.561,0.54,0.543,108.49,197354400
2012/8/3,0.546,0.549,0.535,0.549,93.16,171563100
2012/8/6,0.545,0.565,0.539,0.565,140.91,255204100
2012/8/7,0.562,0.563,0.557,0.56,87.12,155436700
2012/8/8,0.562,0.563,0.554,0.555,75.37,134985100
2012/8/9,0.555,0.565,0.552,0.563,84.94,151726900
2012/8/10,0.563,0.563,0.554,0.555,52.31,93864700
2012/8/13,0.551,0.551,0.531,0.534,77.73,143839200
2012/8/14,0.532,0.535,0.513,0.528,102.15,195465700
2012/8/15,0.525,0.528,0.516,0.516,55.35,106338600
2012/8/16,0.515,0.521,0.51,0.517,47.52,91991500
2012/8/17,0.516,0.519,0.509,0.519,37.75,73397300
2012/8/20,0.509,0.515,0.497,0.508,64.34,127735800
2012/8/21,0.506,0.518,0.504,0.509,54.67,106844000
2012/8/22,0.509,0.511,0.493,0.494,49.6,99229900
2012/8/23,0.495,0.502,0.488,0.491,58.31,118020500
2012/8/24,0.487,0.487,0.465,0.467,64,134671200
2012/8/27,0.459,0.459,0.444,0.447,77.7,172455200
2012/8/28,0.446,0.461,0.434,0.447,107.72,243155700
2012/8/29,0.44,0.446,0.422,0.422,69.67,161069300
2012/8/30,0.414,0.436,0.409,0.428,82.75,197034600
2012/8/31,0.42,0.434,0.418,0.425,67.12,156749000
2012/9/3,0.418,0.443,0.413,0.432,83.41,192827600
2012/9/4,0.433,0.436,0.415,0.417,67.32,158406000
2012/9/5,0.414,0.428,0.41,0.418,51.49,123443900
2012/9/6,0.418,0.428,0.413,0.42,72.44,172668900
2012/9/7,0.432,0.462,0.428,0.462,177.28,393914200
2012/9/10,0.483,0.506,0.472,0.493,261.34,534551100
2012/9/11,0.48,0.505,0.474,0.505,172.93,351522700
2012/9/12,0.516,0.527,0.489,0.522,230.4,453675100
2012/9/13,0.511,0.52,0.494,0.496,206.99,408425500
2012/9/14,0.512,0.513,0.489,0.499,253.71,505332800
2012/9/17,0.491,0.492,0.462,0.462,225.63,474953600
2012/9/18,0.45,0.469,0.449,0.457,154.5,336564700
2012/9/19,0.459,0.468,0.455,0.463,144.42,313459400
2012/9/20,0.457,0.458,0.425,0.429,181.44,410920700
2012/9/21,0.419,0.444,0.419,0.424,178.69,414660100
2012/9/24,0.416,0.441,0.401,0.436,205.23,487312400
2012/9/25,0.432,0.442,0.424,0.426,149.41,344713200
2012/9/26,0.427,0.432,0.412,0.417,135.77,323701500
2012/9/27,0.418,0.459,0.416,0.458,292.33,659388200
2012/9/28,0.443,0.49,0.44,0.488,329.68,711099400
2012/10/8,0.479,0.491,0.463,0.47,248.94,525221600
2012/10/9,0.478,0.5,0.474,0.489,310.05,635724000
2012/10/10,0.484,0.488,0.475,0.482,186,386572900
2012/10/11,0.477,0.478,0.462,0.465,193.07,410764200
2012/10/12,0.472,0.481,0.452,0.467,206.58,443724500
2012/10/15,0.467,0.468,0.448,0.46,132.39,290129600
2012/10/16,0.458,0.474,0.455,0.461,159.07,342203000
2012/10/17,0.463,0.469,0.453,0.466,159.62,345470900
2012/10/18,0.465,0.487,0.463,0.481,275.96,578716600
2012/10/19,0.476,0.48,0.473,0.474,133.42,279903000
2012/10/22,0.468,0.483,0.467,0.48,130.01,274171700
2012/10/23,0.48,0.48,0.463,0.464,129.09,273747500
2012/10/24,0.458,0.468,0.456,0.458,114.9,249022600
2012/10/25,0.457,0.466,0.45,0.451,104.08,227939600
2012/10/26,0.45,0.452,0.43,0.433,148.09,338372700
2012/10/29,0.43,0.434,0.424,0.43,70.16,163611800
2012/10/30,0.431,0.442,0.429,0.433,95.25,218925900
2012/10/31,0.433,0.44,0.43,0.44,90.56,207962700
2012/11/1,0.442,0.465,0.44,0.458,210.73,463396500
2012/11/2,0.458,0.461,0.451,0.458,110.75,242295300
2012/11/5,0.457,0.464,0.451,0.454,88.3,193860700
2012/11/6,0.455,0.456,0.432,0.447,128.77,291507300
2012/11/7,0.444,0.452,0.438,0.445,99.11,222369700
2012/11/8,0.438,0.44,0.42,0.421,151.98,353936300
2012/11/9,0.42,0.424,0.411,0.414,118.4,284095300
2012/11/12,0.416,0.419,0.408,0.418,98.92,238416400
2012/11/13,0.416,0.416,0.403,0.403,123.1,302858300
2012/11/14,0.401,0.406,0.398,0.404,96.07,239222500
2012/11/15,0.399,0.404,0.383,0.383,119.3,303511600
2012/11/16,0.37,0.372,0.355,0.361,190.77,528498200
2012/11/19,0.35,0.357,0.336,0.347,135.1,391520800
2012/11/20,0.351,0.353,0.342,0.342,69.71,200611600
2012/11/21,0.344,0.376,0.34,0.373,182.75,512348800
2012/11/22,0.36,0.365,0.356,0.361,163.9,454541700
2012/11/23,0.364,0.38,0.363,0.368,172.2,463014900
2012/11/26,0.363,0.37,0.359,0.36,102.01,281435800
2012/11/27,0.355,0.364,0.351,0.356,142.14,398595100
2012/11/28,0.353,0.364,0.353,0.358,204.5,568361000
2012/11/29,0.36,0.363,0.322,0.335,204,605267300
2012/11/30,0.33,0.347,0.328,0.341,110.45,325497200
2012/12/3,0.34,0.341,0.316,0.317,128.19,388733000
2012/12/4,0.313,0.338,0.312,0.334,124.22,382811200
2012/12/5,0.329,0.367,0.327,0.366,319.4,891450100
2012/12/6,0.363,0.367,0.35,0.356,209.18,583679700
2012/12/7,0.357,0.383,0.35,0.379,330.52,898607700
2012/12/10,0.376,0.392,0.371,0.389,289.55,759859900
2012/12/11,0.386,0.39,0.376,0.376,236.93,618913700
2012/12/12,0.374,0.38,0.364,0.374,198.23,533111600
2012/12/13,0.367,0.374,0.364,0.365,138.98,377537300
2012/12/14,0.386,0.402,0.381,0.402,289.97,733802100
2012/12/17,0.419,0.419,0.403,0.407,289.53,704699800
2012/12/18,0.401,0.431,0.396,0.408,246.25,600151600
2012/12/19,0.405,0.415,0.402,0.408,169.27,414968400
2012/12/20,0.404,0.421,0.396,0.417,277.72,681608300
2012/12/21,0.415,0.434,0.408,0.414,314.84,752681400
2012/12/24,0.411,0.42,0.408,0.41,149.83,362484400
2012/12/25,0.407,0.451,0.404,0.438,360.59,836403800
2012/12/26,0.433,0.443,0.433,0.442,195.39,445926300
2012/12/27,0.448,0.458,0.436,0.436,263.31,593726900
2012/12/28,0.438,0.448,0.434,0.445,198.66,449832100
2012/12/31,0.449,0.453,0.441,0.45,235.16,524870000
2013/1/4,0.461,0.464,0.441,0.454,240.79,533079700
2013/1/7,0.449,0.456,0.445,0.453,135.4,300351300
2013/1/8,0.45,0.453,0.44,0.448,131.2,293466800
2013/1/9,0.445,0.461,0.443,0.456,190.23,420537600
2013/1/10,0.456,0.463,0.45,0.458,215.99,472193000
2013/1/11,0.459,0.46,0.427,0.432,206.55,467308000
2013/1/14,0.428,0.467,0.423,0.461,320.68,714566800
2013/1/15,0.46,0.463,0.455,0.455,197.69,431477800
2013/1/16,0.453,0.453,0.433,0.443,209.83,474978700
2013/1/17,0.439,0.439,0.429,0.433,151.01,348738000
2013/1/18,0.435,0.447,0.431,0.444,165.27,375603400
2013/1/21,0.45,0.453,0.443,0.447,158.15,353332100
2013/1/22,0.443,0.443,0.429,0.432,176.3,405235600
2013/1/23,0.429,0.437,0.428,0.437,101.93,235829900
2013/1/24,0.438,0.45,0.43,0.435,201.89,456860500
2013/1/25,0.431,0.434,0.429,0.429,73.22,169857300
2013/1/28,0.43,0.444,0.43,0.443,129.89,296196400
2013/1/29,0.444,0.446,0.439,0.444,104.54,236267900
2013/1/30,0.445,0.445,0.438,0.444,86.35,195402500
2013/1/31,0.444,0.445,0.438,0.439,77.92,176756800
2013/2/1,0.435,0.443,0.433,0.442,112.66,257085700
2013/2/4,0.442,0.444,0.431,0.435,105.61,242027000
2013/2/5,0.431,0.449,0.425,0.447,130.96,297413800
2013/2/6,0.446,0.453,0.441,0.452,99.67,222638700
2013/2/7,0.45,0.455,0.445,0.455,77.67,172523600
2013/2/8,0.454,0.49,0.453,0.475,125.08,265413000
2013/2/18,0.479,0.48,0.462,0.465,93.13,198392800
2013/2/19,0.461,0.466,0.445,0.447,97.27,214767000
2013/2/20,0.446,0.45,0.442,0.45,65.26,146149400
2013/2/21,0.443,0.443,0.424,0.431,97.94,225387100
2013/2/22,0.431,0.434,0.427,0.427,39.89,92577000
2013/2/25,0.43,0.435,0.426,0.428,47.73,111017500
2013/2/26,0.425,0.434,0.421,0.423,61.14,143081500
2013/2/27,0.427,0.432,0.424,0.428,50.37,117795600
2013/2/28,0.431,0.445,0.429,0.444,112.16,256007900
2013/3/1,0.442,0.447,0.433,0.441,81.75,185898300
2013/3/4,0.424,0.428,0.41,0.412,106.05,253391600
2013/3/5,0.413,0.423,0.409,0.419,60.41,144971000
2013/3/6,0.423,0.425,0.417,0.421,54.01,128237700
2013/3/7,0.419,0.426,0.414,0.417,73.23,174760400
2013/3/8,0.418,0.421,0.413,0.414,38.15,91662400
2013/3/11,0.413,0.416,0.409,0.412,25.17,61027400
2013/3/12,0.413,0.42,0.4,0.403,55.39,135758000
2013/3/13,0.402,0.404,0.395,0.4,38.65,96567100
2013/3/14,0.399,0.405,0.398,0.401,31.34,78066100
2013/3/15,0.402,0.418,0.394,0.403,72.7,179659200
2013/3/18,0.399,0.405,0.394,0.397,37.66,94539300
2013/3/19,0.397,0.403,0.395,0.401,39.49,98861700
2013/3/20,0.4,0.42,0.4,0.419,94.37,229273600
2013/3/21,0.418,0.421,0.415,0.417,53.1,126869100
2013/3/22,0.416,0.418,0.413,0.417,38.25,91982700
2013/3/25,0.418,0.421,0.413,0.416,31.9,76611000
2013/3/26,0.414,0.414,0.403,0.405,43.29,106173700
2013/3/27,0.406,0.413,0.405,0.407,33.34,81532800
2013/3/28,0.401,0.401,0.39,0.39,53.21,135055300
2013/3/29,0.392,0.393,0.386,0.388,28.7,73623700
2013/4/1,0.389,0.391,0.386,0.389,22.96,59061800
2013/4/2,0.389,0.396,0.385,0.388,39.56,101417800
2013/4/3,0.39,0.391,0.385,0.387,33.12,85266400
2013/4/8,0.38,0.38,0.371,0.379,51.8,137996900
2013/4/9,0.38,0.385,0.378,0.38,39.6,103758300
2013/4/10,0.379,0.381,0.374,0.376,32.31,85753700
2013/4/11,0.38,0.382,0.373,0.373,28.26,74818800
2013/4/12,0.372,0.375,0.366,0.367,34.05,91967100
2013/4/15,0.366,0.367,0.353,0.354,44.35,123966100
2013/4/16,0.348,0.364,0.345,0.362,64.26,181309100
2013/4/17,0.358,0.362,0.354,0.361,50.88,141776300
2013/4/18,0.356,0.364,0.354,0.361,47.46,131787100
2013/4/19,0.362,0.383,0.361,0.378,80.83,217430000
2013/4/22,0.375,0.376,0.369,0.373,55.73,149487000
2013/4/23,0.372,0.373,0.353,0.353,60.75,168645800
2013/4/24,0.354,0.373,0.353,0.362,54.22,150247700
2013/4/25,0.361,0.364,0.35,0.353,61.54,172207400
2013/4/26,0.354,0.356,0.344,0.348,46.34,132051800
2013/5/2,0.345,0.354,0.342,0.349,40.06,115284000
2013/5/3,0.353,0.37,0.351,0.365,99.07,272075700
2013/5/6,0.368,0.377,0.366,0.372,69.35,186431000
2013/5/7,0.37,0.373,0.364,0.371,44.95,121840100
2013/5/8,0.374,0.379,0.367,0.37,57.12,153147200
2013/5/9,0.369,0.37,0.361,0.366,42.22,115596400
2013/5/10,0.364,0.371,0.363,0.368,39.93,108600200
2013/5/13,0.367,0.369,0.363,0.365,36.4,99462800
2013/5/14,0.364,0.364,0.353,0.355,51.81,145079200
2013/5/15,0.356,0.358,0.355,0.357,24.06,67567200
2013/5/16,0.355,0.372,0.353,0.369,73.53,201793900
2013/5/17,0.368,0.38,0.366,0.378,103.93,278845100
2013/5/20,0.378,0.402,0.376,0.388,133.83,345326800
2013/5/21,0.387,0.393,0.383,0.391,72.15,185854400
2013/5/22,0.391,0.397,0.386,0.39,80.66,206249300
2013/5/23,0.386,0.393,0.379,0.381,86.76,225400700
2013/5/24,0.383,0.387,0.379,0.384,56.68,148047900
2013/5/27,0.384,0.389,0.381,0.384,59.11,153449200
2013/5/28,0.384,0.397,0.379,0.397,97.67,251620400
2013/5/29,0.397,0.401,0.393,0.393,80.1,201710700
2013/5/30,0.39,0.394,0.385,0.386,71.02,182712500
2013/5/31,0.388,0.389,0.38,0.38,52.52,136604700
2013/6/3,0.378,0.386,0.377,0.379,62.84,164670500
2013/6/4,0.379,0.379,0.367,0.37,66.33,178564200
2013/6/5,0.37,0.371,0.362,0.367,47.34,128823200
2013/6/6,0.366,0.367,0.359,0.36,50.34,138709800
2013/6/7,0.361,0.363,0.35,0.352,57.55,162071600
2013/6/13,0.345,0.346,0.331,0.337,53.75,158738600
2013/6/14,0.339,0.342,0.339,0.34,41.51,121872300
2013/6/17,0.34,0.342,0.329,0.333,70.4,210161100
2013/6/18,0.334,0.34,0.328,0.334,51.05,152495500
2013/6/19,0.331,0.333,0.321,0.331,55.04,168251400
2013/6/20,0.328,0.328,0.322,0.323,40.7,124882100
2013/6/21,0.32,0.33,0.317,0.326,35.89,110792800
2013/6/24,0.327,0.327,0.295,0.299,90.38,291001200
2013/6/25,0.295,0.328,0.281,0.316,162.34,536606400
2013/6/26,0.31,0.321,0.308,0.317,80.43,256575800
2013/6/27,0.32,0.321,0.299,0.302,82.55,266424000
2013/6/28,0.3,0.316,0.29,0.308,75.19,245646500
2013/7/1,0.303,0.307,0.298,0.306,48.91,161677200
2013/7/2,0.304,0.306,0.299,0.301,64.03,212207900
2013/7/3,0.299,0.3,0.29,0.294,51.2,173650700
2013/7/4,0.293,0.308,0.288,0.3,72.53,242196800
2013/7/5,0.301,0.304,0.297,0.298,61.58,204910800
2013/7/8,0.291,0.293,0.284,0.286,48.45,167819000
2013/7/9,0.286,0.288,0.281,0.283,38.63,135967400
2013/7/10,0.283,0.3,0.282,0.298,66.19,226769500
2013/7/11,0.297,0.325,0.295,0.319,160.74,515071800
2013/7/12,0.317,0.319,0.305,0.305,105.3,337557900
2013/7/15,0.306,0.324,0.306,0.314,99.45,315692600
2013/7/16,0.313,0.319,0.311,0.317,52.29,166327600
2013/7/17,0.316,0.319,0.31,0.31,71.19,226603900
2013/7/18,0.306,0.309,0.303,0.303,44.33,145435900
2013/7/19,0.303,0.306,0.293,0.293,44.5,148220000
2013/7/22,0.289,0.295,0.288,0.293,34.42,118055800
2013/7/23,0.293,0.31,0.293,0.307,71.62,235177900
2013/7/24,0.305,0.307,0.298,0.304,50,165307600
2013/7/25,0.304,0.308,0.302,0.302,36.23,119116100
2013/7/26,0.3,0.302,0.296,0.299,33.54,112157800
2013/7/29,0.295,0.296,0.291,0.292,26.83,91313800
2013/7/30,0.293,0.303,0.292,0.296,33.96,114341500
2013/7/31,0.3,0.308,0.297,0.299,34.75,115076300
2013/8/1,0.302,0.308,0.299,0.308,55.67,182169300
2013/8/2,0.31,0.312,0.306,0.308,44.05,142440100
2013/8/5,0.307,0.312,0.306,0.312,44.65,144416100
2013/8/6,0.309,0.318,0.308,0.316,49.58,158315000
2013/8/7,0.314,0.321,0.311,0.312,47.85,151584700
2013/8/8,0.312,0.314,0.307,0.311,44.29,142434500
2013/8/9,0.312,0.317,0.308,0.315,45.43,144979500
2013/8/12,0.316,0.329,0.315,0.329,79.65,246850000
2013/8/13,0.327,0.331,0.325,0.329,49.72,151454000
2013/8/14,0.33,0.339,0.324,0.327,71.48,215258700
2013/8/15,0.326,0.329,0.32,0.321,38.46,118488200
2013/8/16,0.318,0.353,0.318,0.328,151.73,452193500
2013/8/19,0.32,0.336,0.316,0.332,77.2,236461400
2013/8/20,0.33,0.338,0.329,0.333,57.44,172367100
2013/8/21,0.333,0.336,0.329,0.335,35.61,106837500
2013/8/22,0.333,0.342,0.333,0.336,44.81,132662800
2013/8/23,0.34,0.341,0.324,0.331,51.99,156537900
2013/8/26,0.332,0.347,0.33,0.347,67.84,199490800
2013/8/27,0.345,0.347,0.34,0.346,40.83,118596200
2013/8/28,0.341,0.346,0.338,0.341,43.11,126150300
2013/8/29,0.344,0.345,0.336,0.337,27.89,82117300
2013/8/30,0.337,0.343,0.334,0.338,36.08,106487800
2013/9/2,0.339,0.34,0.332,0.338,36,107110100
2013/9/3,0.338,0.345,0.337,0.344,36.28,106181700
2013/9/4,0.342,0.345,0.341,0.342,20.84,60842500
2013/9/5,0.342,0.343,0.338,0.338,19.57,57604600
2013/9/6,0.338,0.341,0.337,0.339,28.95,85421100
2013/9/9,0.341,0.364,0.339,0.362,104.16,296180300
2013/9/10,0.362,0.365,0.356,0.365,73.96,205609500
2013/9/11,0.367,0.37,0.363,0.363,70.99,194043400
2013/9/12,0.361,0.372,0.359,0.368,72.36,197920600
2013/9/13,0.365,0.37,0.362,0.366,41.37,113321000
2013/9/16,0.366,0.368,0.36,0.362,37.28,102560300
2013/9/17,0.361,0.362,0.351,0.351,30.76,86455800
2013/9/18,0.351,0.353,0.346,0.352,25.63,73220900
2013/9/23,0.352,0.364,0.352,0.364,58.31,163006600
2013/9/24,0.361,0.363,0.353,0.357,41.69,116555700
2013/9/25,0.356,0.36,0.353,0.355,24.92,69913600
2013/9/26,0.353,0.354,0.344,0.344,25.58,73388600
2013/9/27,0.345,0.349,0.343,0.348,23.75,68501100
2013/9/30,0.349,0.351,0.347,0.349,23.78,68124000
2013/10/8,0.347,0.36,0.344,0.358,37.98,107273900
2013/10/9,0.356,0.359,0.354,0.359,21.62,60610500
2013/10/10,0.358,0.362,0.354,0.357,23.9,66817300
2013/10/11,0.357,0.366,0.357,0.364,33.82,93291500
2013/10/14,0.364,0.367,0.36,0.362,29.19,80223100
2013/10/15,0.362,0.364,0.355,0.358,26.27,73195400
2013/10/16,0.357,0.357,0.344,0.345,35.16,100729800
2013/10/17,0.347,0.349,0.343,0.344,15.86,45721900
2013/10/18,0.344,0.35,0.343,0.348,16.69,48150000
2013/10/21,0.349,0.359,0.346,0.358,32.08,90554000
2013/10/22,0.357,0.358,0.349,0.35,18.88,53475700
2013/10/23,0.351,0.356,0.342,0.342,29.48,84694100
2013/10/24,0.341,0.343,0.337,0.341,22.59,66412900
2013/10/25,0.34,0.345,0.336,0.339,27.12,79900400
2013/10/28,0.337,0.338,0.333,0.335,13.83,41297300
2013/10/29,0.335,0.344,0.329,0.337,34.48,102537100
2013/10/30,0.338,0.344,0.334,0.342,29.13,85823600
2013/10/31,0.341,0.342,0.337,0.338,16.77,49385500
2013/11/1,0.337,0.341,0.334,0.339,15.24,45227900
2013/11/4,0.34,0.343,0.335,0.336,13.09,38690200
2013/11/5,0.334,0.338,0.328,0.337,22.88,68800300
2013/11/6,0.336,0.336,0.329,0.329,21.88,65819700
2013/11/7,0.329,0.33,0.324,0.325,16.33,50018500
2013/11/8,0.324,0.325,0.317,0.318,20.21,63055300
2013/11/11,0.318,0.324,0.316,0.323,21.73,67877000
2013/11/12,0.324,0.328,0.322,0.326,16.83,51727100
2013/11/13,0.324,0.324,0.317,0.317,13.83,43149500
2013/11/14,0.316,0.321,0.315,0.32,12.43,39118100
2013/11/15,0.32,0.343,0.32,0.336,55.17,165018500
2013/11/18,0.338,0.35,0.337,0.35,49.61,143883400
2013/11/19,0.347,0.347,0.341,0.344,20.93,60874200
2013/11/20,0.342,0.348,0.342,0.347,12.41,36031400
2013/11/21,0.343,0.348,0.339,0.347,16.41,47873400
2013/11/22,0.346,0.348,0.342,0.343,8.12,23583400
2013/11/25,0.341,0.348,0.339,0.342,10.63,30923700
2013/11/26,0.34,0.345,0.34,0.342,8.26,24148600
2013/11/27,0.342,0.352,0.34,0.35,26.18,75283600
2013/11/28,0.35,0.362,0.35,0.358,35.82,100199000
2013/11/29,0.358,0.36,0.354,0.358,10.97,30719100
2013/12/2,0.354,0.364,0.347,0.352,31.52,88800600
2013/12/3,0.352,0.353,0.34,0.351,40.74,117486700
2013/12/4,0.35,0.359,0.346,0.355,38.25,107579000
2013/12/5,0.352,0.354,0.349,0.352,13.84,39363700
2013/12/6,0.351,0.352,0.348,0.349,12.05,34464000
2013/12/9,0.349,0.351,0.348,0.349,8.29,23731500
2013/12/10,0.349,0.353,0.348,0.35,14.89,42509600
2013/12/11,0.347,0.347,0.341,0.343,15.6,45418800
2013/12/12,0.343,0.344,0.339,0.34,11.3,33123100
2013/12/13,0.338,0.346,0.336,0.343,14.94,43681700
2013/12/16,0.342,0.343,0.336,0.336,14.23,41995400
2013/12/17,0.338,0.338,0.331,0.333,14.19,42509100
2013/12/18,0.332,0.337,0.331,0.334,10.66,31891900
2013/12/19,0.335,0.337,0.332,0.333,12.59,37681700
2013/12/20,0.334,0.334,0.326,0.328,15.37,46683500
2013/12/23,0.327,0.33,0.324,0.328,11.3,34469100
2013/12/24,0.328,0.339,0.328,0.333,20.82,62264900
2013/12/25,0.334,0.341,0.332,0.339,20.77,61499700
2013/12/26,0.338,0.339,0.332,0.334,14.01,41709700
2013/12/27,0.334,0.346,0.333,0.344,23.28,68199300
2013/12/30,0.347,0.348,0.343,0.346,14.87,42982900
2013/12/31,0.344,0.35,0.342,0.35,18.69,53788800
2014/1/2,0.348,0.349,0.335,0.34,28.66,84212200
2014/1/3,0.336,0.338,0.333,0.334,11.93,35579900
2014/1/6,0.332,0.333,0.327,0.328,13.24,40141100
2014/1/7,0.325,0.331,0.324,0.328,11.26,34274300
2014/1/8,0.328,0.333,0.322,0.323,18.16,55737500
2014/1/9,0.323,0.329,0.319,0.32,15.82,48826100
2014/1/10,0.319,0.322,0.315,0.319,15.65,49117500
2014/1/13,0.319,0.322,0.315,0.319,12.64,39701200
2014/1/14,0.319,0.326,0.316,0.324,22.55,69971600
2014/1/15,0.324,0.326,0.322,0.324,13.9,42987500
2014/1/16,0.323,0.326,0.322,0.323,15.2,46943900
2014/1/17,0.323,0.323,0.316,0.316,10.79,33854000
2014/1/20,0.316,0.318,0.315,0.317,7.74,24471700
2014/1/21,0.318,0.326,0.318,0.323,16.37,50721800
2014/1/22,0.323,0.335,0.322,0.335,56.26,169672400
2014/1/23,0.335,0.335,0.33,0.332,18.8,56528900
2014/1/24,0.33,0.34,0.329,0.334,30.96,92551900
2014/1/27,0.331,0.331,0.328,0.329,12.35,37508700
2014/1/28,0.329,0.334,0.328,0.331,11,33289500
2014/1/29,0.331,0.332,0.329,0.33,11.9,36045100
2014/1/30,0.329,0.329,0.324,0.324,10.74,32954700
2014/2/7,0.322,0.323,0.319,0.323,12.52,39028600
2014/2/10,0.324,0.336,0.323,0.333,27.31,82442300
2014/2/11,0.333,0.336,0.33,0.334,23.33,69956300
2014/2/12,0.333,0.336,0.332,0.335,14.49,43399200
2014/2/13,0.334,0.335,0.328,0.329,18.37,55405300
2014/2/14,0.329,0.333,0.328,0.332,18.71,56609300
2014/2/17,0.333,0.335,0.331,0.332,18.31,55016900
2014/2/18,0.333,0.333,0.326,0.327,13.32,40602900
2014/2/19,0.326,0.331,0.325,0.33,17.09,52076100
2014/2/20,0.33,0.332,0.323,0.325,15.7,47955400
2014/2/21,0.326,0.326,0.314,0.317,33.45,105173500
2014/2/24,0.313,0.314,0.303,0.305,35.44,115433100
2014/2/25,0.305,0.306,0.292,0.294,25.94,86451900
2014/2/26,0.293,0.296,0.291,0.295,14.79,50273700
2014/2/27,0.295,0.298,0.291,0.292,13.53,45869700
2014/2/28,0.291,0.299,0.289,0.299,17.65,60176600
2014/3/3,0.296,0.299,0.294,0.297,9.52,32066300
2014/3/4,0.296,0.297,0.293,0.296,8.67,29434400
2014/3/5,0.296,0.297,0.294,0.294,6.65,22570000
2014/3/6,0.294,0.296,0.288,0.294,20.38,69747300
2014/3/7,0.294,0.297,0.293,0.294,16.97,57481700
2014/3/10,0.293,0.293,0.286,0.287,16.95,58717500
2014/3/11,0.286,0.291,0.285,0.289,14.92,51671200
2014/3/12,0.289,0.295,0.287,0.292,14.91,51059700
2014/3/13,0.293,0.297,0.293,0.297,18.52,62623000
2014/3/14,0.295,0.297,0.292,0.294,9.53,32297200
2014/3/17,0.294,0.297,0.291,0.297,8.72,29529300
2014/3/18,0.297,0.297,0.294,0.295,4.85,16414800
2014/3/19,0.294,0.294,0.287,0.289,16.85,58180800
2014/3/20,0.289,0.292,0.284,0.284,10.82,37602500
2014/3/21,0.282,0.3,0.281,0.298,29.48,101136900
2014/3/24,0.297,0.298,0.292,0.295,22.13,75007500
2014/3/25,0.294,0.297,0.292,0.294,12.84,43649800
2014/3/26,0.296,0.296,0.291,0.292,8.83,30062300
2014/3/27,0.291,0.294,0.287,0.289,15.13,52075500
2014/3/28,0.289,0.291,0.287,0.287,11.62,40289600
2014/3/31,0.287,0.291,0.286,0.287,7.64,26460800
2014/4/1,0.287,0.292,0.286,0.291,14.85,51274600
2014/4/2,0.291,0.294,0.29,0.294,14.16,48424600
2014/4/3,0.293,0.296,0.291,0.292,15.15,51503400
2014/4/4,0.291,0.295,0.29,0.295,8.36,28517300
2014/4/8,0.294,0.307,0.293,0.303,36.19,120277700
2014/4/9,0.304,0.306,0.3,0.302,18.79,62118400
2014/4/10,0.302,0.312,0.299,0.308,27.87,91292700
2014/4/11,0.304,0.308,0.303,0.305,14.2,46530000
2014/4/14,0.304,0.307,0.303,0.305,6.24,20487700
2014/4/15,0.303,0.304,0.299,0.3,10.43,34605500
2014/4/16,0.299,0.302,0.299,0.3,6.66,22146400
2014/4/17,0.3,0.302,0.298,0.299,6.37,21219300
2014/4/18,0.299,0.299,0.294,0.298,10.24,34533700
2014/4/21,0.296,0.299,0.29,0.29,11.22,38149900
2014/4/22,0.29,0.292,0.287,0.291,12.23,42257300
2014/4/23,0.29,0.294,0.289,0.293,10.74,36799100
2014/4/24,0.292,0.295,0.29,0.29,12.6,43148400
2014/4/25,0.291,0.293,0.287,0.289,11.68,40334700
2014/4/28,0.289,0.289,0.284,0.285,7.48,26193700
2014/4/29,0.285,0.289,0.284,0.289,10,34885700
2014/4/30,0.288,0.289,0.287,0.288,4.76,16537500
2014/5/5,0.287,0.289,0.284,0.289,7.74,27048400
2014/5/6,0.288,0.291,0.287,0.288,6.08,21029800
2014/5/7,0.288,0.289,0.286,0.286,4.98,17347200
2014/5/8,0.285,0.291,0.284,0.285,14.63,51059200
2014/5/9,0.285,0.286,0.283,0.285,7.14,25139000
2014/5/12,0.287,0.297,0.286,0.294,21.35,72933900
2014/5/13,0.293,0.295,0.291,0.292,11.85,40451600
2014/5/14,0.293,0.295,0.292,0.294,9.66,32902200
2014/5/15,0.293,0.293,0.288,0.289,6.79,23399300
2014/5/16,0.289,0.291,0.288,0.29,5.42,18748300
2014/5/19,0.289,0.289,0.286,0.287,5.89,20549300
2014/5/20,0.289,0.29,0.288,0.289,4.39,15190800
2014/5/21,0.287,0.291,0.285,0.291,7.35,25471100
2014/5/22,0.291,0.294,0.289,0.291,10.4,35621800
2014/5/23,0.29,0.293,0.289,0.292,6.65,22862400
2014/5/26,0.293,0.294,0.291,0.292,6.82,23285400
2014/5/27,0.293,0.294,0.291,0.292,7.03,24013400
2014/5/28,0.292,0.297,0.291,0.297,13.52,45870300
2014/5/29,0.297,0.299,0.293,0.294,8.41,28434700
2014/5/30,0.294,0.295,0.292,0.294,5.18,17664100
2014/6/3,0.295,0.295,0.293,0.293,5.17,17596700
2014/6/4,0.292,0.293,0.287,0.288,8.89,30719000
2014/6/5,0.287,0.291,0.287,0.29,5.65,19544300
2014/6/6,0.291,0.291,0.287,0.288,7.69,26662900
2014/6/9,0.288,0.291,0.287,0.288,5.77,19957300
2014/6/10,0.289,0.295,0.288,0.294,13.58,46466700
2014/6/11,0.293,0.294,0.292,0.293,6.93,23643600
2014/6/12,0.293,0.294,0.291,0.292,8.15,27888900
2014/6/13,0.292,0.303,0.292,0.299,21.01,70608200
2014/6/16,0.298,0.302,0.296,0.301,15.02,50055100
2014/6/17,0.3,0.3,0.297,0.297,9.55,32022500
2014/6/18,0.297,0.298,0.296,0.297,6.61,22251700
2014/6/19,0.297,0.298,0.288,0.291,13.54,46007000
2014/6/20,0.29,0.295,0.29,0.294,8.81,30077000
2014/6/23,0.293,0.298,0.293,0.296,11.45,38669200
2014/6/24,0.295,0.299,0.295,0.297,5.89,19821500
2014/6/25,0.297,0.299,0.296,0.298,9.41,31637400
2014/6/26,0.297,0.302,0.297,0.301,9.14,30379900
2014/6/27,0.301,0.303,0.3,0.302,9.99,33118100
2014/6/30,0.302,0.306,0.301,0.302,10.86,35798200
2014/7/1,0.302,0.303,0.298,0.3,7.44,24786300
2014/7/2,0.3,0.304,0.299,0.303,15.19,50380700
2014/7/3,0.303,0.305,0.301,0.304,9.67,31838700
2014/7/4,0.304,0.305,0.302,0.304,6.36,20949500
2014/7/7,0.303,0.306,0.302,0.303,7.35,24138800
2014/7/8,0.303,0.307,0.302,0.306,10.19,33422000
2014/7/9,0.307,0.307,0.3,0.302,9.31,30641500
2014/7/10,0.301,0.302,0.299,0.3,7.86,26166400
2014/7/11,0.3,0.306,0.299,0.304,8.06,26558000
2014/7/14,0.304,0.31,0.303,0.309,11.38,37073700
2014/7/15,0.308,0.311,0.308,0.311,9.8,31603800
2014/7/16,0.31,0.314,0.309,0.31,8.17,26239500
2014/7/17,0.31,0.31,0.305,0.306,5.61,18255400
2014/7/18,0.306,0.313,0.304,0.311,13.29,42780400
2014/7/21,0.31,0.313,0.31,0.313,8.65,27714300
2014/7/22,0.312,0.319,0.309,0.317,19.15,60708800
2014/7/23,0.318,0.32,0.316,0.318,13.05,40993500
2014/7/24,0.318,0.332,0.318,0.331,26.81,81903000
2014/7/25,0.331,0.339,0.329,0.338,26.52,79617700
2014/7/28,0.338,0.363,0.338,0.357,49.9,141100900
2014/7/29,0.355,0.361,0.35,0.356,30.99,87036400
2014/7/30,0.353,0.36,0.351,0.355,23.7,66815000
2014/7/31,0.354,0.368,0.352,0.368,25.01,69534700
2014/8/1,0.366,0.377,0.36,0.36,42.95,116306000
2014/8/4,0.358,0.377,0.357,0.377,51.81,140600400
2014/8/5,0.377,0.38,0.365,0.372,41.13,110954900
2014/8/6,0.368,0.37,0.36,0.367,31.82,87516900
2014/8/7,0.365,0.369,0.356,0.356,28.26,77921800
2014/8/8,0.355,0.361,0.354,0.357,16.45,46050000
2014/8/11,0.359,0.367,0.357,0.365,20.55,56528200
2014/8/12,0.365,0.365,0.358,0.36,15.08,41861100
2014/8/13,0.36,0.365,0.356,0.361,14.9,41421000
2014/8/14,0.36,0.363,0.355,0.356,15.55,43287300
2014/8/15,0.356,0.364,0.355,0.358,18.11,50345200
2014/8/18,0.358,0.363,0.358,0.362,18.73,51904600
2014/8/19,0.362,0.364,0.359,0.362,12.94,35802900
2014/8/20,0.361,0.362,0.358,0.359,10.79,29968100
2014/8/21,0.358,0.359,0.352,0.358,14.04,39466600
2014/8/22,0.356,0.362,0.356,0.361,15.93,44297700
2014/8/25,0.36,0.362,0.355,0.355,9.88,27686800
2014/8/26,0.355,0.355,0.344,0.346,19.06,54646700
2014/8/27,0.346,0.349,0.344,0.344,8.9,25741600
2014/8/28,0.345,0.346,0.337,0.339,12.73,37334900
2014/8/29,0.338,0.346,0.337,0.346,14.69,43186700
2014/9/1,0.346,0.353,0.345,0.352,14.35,41143500
2014/9/2,0.352,0.368,0.35,0.368,39.4,109619100
2014/9/3,0.37,0.374,0.368,0.372,40.87,110244100
2014/9/4,0.372,0.374,0.366,0.373,21.05,56840200
2014/9/5,0.373,0.375,0.369,0.374,20.69,55606400
2014/9/9,0.374,0.375,0.369,0.37,16.26,43809700
2014/9/10,0.367,0.37,0.365,0.37,13.21,35958400
2014/9/11,0.37,0.38,0.368,0.37,27.38,73313700
2014/9/12,0.368,0.371,0.365,0.371,16.74,45521600
2014/9/15,0.37,0.37,0.366,0.369,12.18,33102500
2014/9/16,0.369,0.372,0.358,0.359,20.47,56011400
2014/9/17,0.36,0.361,0.356,0.36,13.38,37324800
2014/9/18,0.359,0.364,0.356,0.361,12.91,35803800
2014/9/19,0.361,0.366,0.359,0.365,13.63,37524800
2014/9/22,0.363,0.363,0.355,0.357,14.32,39990800
2014/9/23,0.355,0.362,0.355,0.361,10.93,30416300
2014/9/24,0.36,0.371,0.358,0.37,22.74,62182000
2014/9/25,0.37,0.373,0.367,0.368,12.99,35096000
2014/9/26,0.366,0.369,0.364,0.368,7.65,20877000
2014/9/29,0.367,0.371,0.365,0.369,15.48,41971700
2014/9/30,0.37,0.372,0.368,0.371,11.19,30243600
2014/10/8,0.374,0.375,0.369,0.375,18.62,49904300
2014/10/9,0.376,0.378,0.371,0.376,17.15,45703400
2014/10/10,0.374,0.378,0.372,0.376,18.8,50122700
2014/10/13,0.375,0.375,0.368,0.375,18.32,49432400
2014/10/14,0.373,0.375,0.368,0.371,16,43037700
2014/10/15,0.371,0.375,0.369,0.373,11.84,31815300
2014/10/16,0.372,0.376,0.37,0.37,9.48,25425300
2014/10/17,0.37,0.372,0.364,0.369,12.16,33032500
2014/10/20,0.37,0.373,0.368,0.371,8.51,22940300
2014/10/21,0.372,0.372,0.363,0.365,10.76,29308900
2014/10/22,0.365,0.366,0.361,0.362,8.48,23306500
2014/10/23,0.36,0.361,0.355,0.357,9.26,25854300
2014/10/24,0.356,0.358,0.354,0.355,6.89,19352700
2014/10/27,0.355,0.355,0.347,0.35,6.99,19980000
2014/10/28,0.349,0.357,0.349,0.357,13.01,36723800
2014/10/29,0.357,0.366,0.356,0.362,18.54,51537300
2014/10/30,0.362,0.363,0.359,0.362,12.49,34604900
2014/10/31,0.361,0.368,0.36,0.368,20.48,56121400
2014/11/3,0.368,0.371,0.366,0.368,17.31,46937300
2014/11/4,0.368,0.368,0.362,0.363,12.73,34894100
2014/11/5,0.363,0.365,0.36,0.361,8.6,23753900
2014/11/6,0.361,0.361,0.354,0.358,17.63,49333700
2014/11/7,0.358,0.363,0.352,0.356,28.87,80461000
2014/11/10,0.357,0.366,0.356,0.366,29.6,82150300
2014/11/11,0.367,0.37,0.357,0.36,29.56,81072000
2014/11/12,0.358,0.363,0.355,0.363,24.59,68637200
2014/11/13,0.362,0.363,0.354,0.355,21.35,59701400
2014/11/14,0.355,0.355,0.347,0.35,23.74,67613300
2014/11/17,0.352,0.354,0.347,0.348,16.11,45957600
2014/11/18,0.346,0.348,0.341,0.342,15.1,43926400
2014/11/19,0.341,0.342,0.338,0.34,24.48,72149000
2014/11/20,0.339,0.339,0.335,0.337,15.63,46367400
2014/11/21,0.336,0.346,0.335,0.344,25.18,74137200
2014/11/24,0.351,0.374,0.349,0.369,102.44,282609200
2014/11/25,0.366,0.372,0.364,0.37,50.14,136529000
2014/11/26,0.369,0.376,0.363,0.371,72.81,197941300
2014/11/27,0.374,0.408,0.372,0.408,193.57,486372700
2014/11/28,0.421,0.449,0.411,0.449,237.31,543081400
2014/12/1,0.49,0.492,0.458,0.459,304.51,639983900
2014/12/2,0.44,0.505,0.436,0.505,293.18,616563800
2014/12/3,0.51,0.555,0.5,0.549,485.56,909915700
2014/12/4,0.549,0.604,0.52,0.604,497.47,875965900
2014/12/5,0.626,0.658,0.566,0.626,628.97,1011764800
2014/12/8,0.59,0.65,0.58,0.61,468.68,764030200
2014/12/9,0.588,0.598,0.549,0.549,358.69,629452700
2014/12/10,0.506,0.549,0.494,0.533,307.14,596674300
2014/12/11,0.517,0.539,0.503,0.507,226.32,436032200
2014/12/12,0.508,0.522,0.502,0.509,121.39,236984400
2014/12/15,0.503,0.505,0.47,0.5,148.65,302977300
2014/12/16,0.496,0.528,0.493,0.525,181.88,354195700
2014/12/17,0.528,0.536,0.517,0.534,240.11,454580200
2014/12/18,0.531,0.537,0.521,0.523,121.43,229098200
2014/12/19,0.52,0.524,0.495,0.517,96.63,188602800
2014/12/22,0.517,0.532,0.499,0.517,120.15,232868800
2014/12/23,0.507,0.528,0.505,0.51,117.34,226457500
2014/12/24,0.507,0.515,0.491,0.495,102.97,205768900
2014/12/25,0.497,0.51,0.489,0.506,77.09,153788400
2014/12/26,0.505,0.557,0.504,0.557,188.21,355484400
2014/12/29,0.575,0.597,0.55,0.559,209.67,362838800
2014/12/30,0.56,0.566,0.545,0.55,132.23,237078900
2014/12/31,0.547,0.584,0.547,0.582,123.21,217293300
2015/1/5,0.591,0.64,0.581,0.64,317.78,524494300
2015/1/6,0.64,0.676,0.62,0.657,316.4,484807400
2015/1/7,0.648,0.656,0.62,0.635,203.16,318214200
2015/1/8,0.63,0.635,0.59,0.611,156.21,254504500
2015/1/9,0.612,0.662,0.608,0.612,231.76,366803600
2015/1/12,0.608,0.624,0.595,0.617,143.52,235554800
2015/1/13,0.616,0.627,0.611,0.621,88.79,143079400
2015/1/14,0.621,0.628,0.608,0.614,76.22,123224600
2015/1/15,0.613,0.651,0.601,0.65,128.8,206167900
2015/1/16,0.652,0.658,0.642,0.651,132.68,203622500
2015/1/19,0.586,0.62,0.586,0.586,172.8,289172800
2015/1/20,0.581,0.603,0.58,0.591,127.94,216019300
2015/1/21,0.595,0.623,0.586,0.618,142.49,235619500
2015/1/22,0.62,0.626,0.613,0.62,110.76,178659800
2015/1/23,0.62,0.629,0.615,0.617,104.93,168419300
2015/1/26,0.621,0.624,0.616,0.624,69.55,111955600
2015/1/27,0.622,0.623,0.594,0.608,102.24,168619400
2015/1/28,0.598,0.607,0.592,0.593,64.88,108818700
2015/1/29,0.585,0.59,0.58,0.581,55.12,94362200
2015/1/30,0.588,0.596,0.576,0.583,58.43,99682500
2015/2/2,0.574,0.584,0.57,0.57,49.53,86424100
2015/2/3,0.578,0.592,0.569,0.59,66.67,115112800
2015/2/4,0.588,0.597,0.58,0.58,57.34,97302700
2015/2/5,0.603,0.607,0.576,0.576,89.49,151336200
2015/2/6,0.575,0.575,0.547,0.551,62.12,110961700
2015/2/9,0.548,0.563,0.546,0.557,42.4,76214600
2015/2/10,0.556,0.573,0.552,0.573,51.91,91917300
2015/2/11,0.577,0.586,0.575,0.583,44.85,77166600
2015/2/12,0.583,0.587,0.577,0.583,36.9,63360200
2015/2/13,0.583,0.609,0.583,0.595,72.63,121830200
2015/2/16,0.594,0.601,0.592,0.6,42.22,70654400
2015/2/17,0.601,0.612,0.601,0.608,74.78,123027800
2015/2/25,0.609,0.611,0.588,0.591,47.89,80238100
2015/2/26,0.589,0.61,0.586,0.61,65.15,108543100
2015/2/27,0.61,0.617,0.606,0.613,64.23,104828900
2015/3/2,0.619,0.635,0.616,0.63,95.03,151970000
2015/3/3,0.626,0.626,0.602,0.603,61.36,100197100
2015/3/4,0.603,0.613,0.596,0.609,51.34,84794600
2015/3/5,0.605,0.607,0.596,0.6,38.34,63912300
2015/3/6,0.599,0.606,0.59,0.591,39.43,66025900
2015/3/9,0.585,0.602,0.576,0.6,50.39,85614600
2015/3/10,0.596,0.605,0.595,0.599,37.29,62147000
2015/3/11,0.599,0.609,0.594,0.597,42.49,70556100
2015/3/12,0.598,0.607,0.597,0.606,53.46,88634500
2015/3/13,0.608,0.62,0.606,0.612,69.05,112400700
2015/3/16,0.616,0.645,0.614,0.643,123.96,196766300
2015/3/17,0.65,0.659,0.645,0.652,111.9,171585000
2015/3/18,0.66,0.695,0.652,0.695,129.72,193069800
2015/3/19,0.696,0.735,0.686,0.714,215.68,302505400
2015/3/20,0.71,0.733,0.701,0.718,122.86,172102900
2015/3/23,0.72,0.74,0.712,0.731,165.38,226825200
2015/3/24,0.729,0.732,0.695,0.717,162.92,227091100
2015/3/25,0.71,0.718,0.697,0.705,98.99,139915200
2015/3/26,0.699,0.715,0.69,0.699,72.14,102830200
2015/3/27,0.701,0.717,0.7,0.713,80.54,113556600
2015/3/30,0.713,0.766,0.713,0.761,132.91,179741800
2015/3/31,0.775,0.816,0.753,0.758,149.91,190500000
2015/4/1,0.757,0.796,0.755,0.785,103.01,132065000
2015/4/2,0.792,0.801,0.761,0.786,108.23,138107700
2015/4/3,0.781,0.795,0.775,0.793,95.64,121714200
2015/4/7,0.796,0.811,0.795,0.811,142.01,176915000
2015/4/8,0.812,0.815,0.784,0.8,171.59,214986100
2015/4/9,0.799,0.803,0.763,0.787,122.47,156730000
2015/4/10,0.779,0.823,0.771,0.822,136.41,170131600
2015/4/13,0.832,0.84,0.813,0.834,94.33,114047000
2015/4/14,0.832,0.844,0.819,0.826,79.63,96261700
2015/4/15,0.821,0.823,0.785,0.785,93.63,116350800
2015/4/16,0.772,0.833,0.766,0.833,111.48,138035900
2015/4/17,0.842,0.863,0.833,0.85,117.2,138772100
2015/4/20,0.849,0.85,0.811,0.813,111.27,133474400
2015/4/21,0.807,0.872,0.807,0.872,112.67,133303200
2015/4/22,0.875,0.92,0.875,0.92,99.07,109662300
2015/4/23,0.921,0.935,0.908,0.921,90.11,98080300
2015/4/24,0.903,0.914,0.889,0.902,84.34,93500700
2015/4/27,0.903,0.929,0.903,0.914,81.28,88886700
2015/4/28,0.91,0.92,0.888,0.897,68.81,76409200
2015/4/29,0.883,0.915,0.883,0.912,68.67,75920900
2015/4/30,0.916,0.922,0.907,0.908,66.78,72853500
2015/5/4,0.909,0.918,0.899,0.911,50.39,55367100
2015/5/5,0.909,0.909,0.87,0.882,65.7,74053100
2015/5/6,0.883,0.9,0.86,0.869,52.51,59271500
2015/5/7,0.865,0.875,0.858,0.865,39.51,45683700
2015/5/8,0.869,0.896,0.869,0.896,63.56,71917100
2015/5/11,0.91,0.934,0.896,0.933,89.58,97884600
2015/5/12,0.933,0.944,0.923,0.934,65.7,70504600
2015/5/13,0.928,0.948,0.921,0.939,68.14,72762700
2015/5/14,0.931,0.96,0.931,0.933,41.27,43763100
2015/5/15,0.932,0.934,0.897,0.91,40.04,44020600
2015/5/18,0.902,0.913,0.897,0.898,32.37,35860600
2015/5/19,0.898,0.958,0.897,0.958,68.63,73513400
2015/5/20,0.96,1.054,0.96,1.035,118.61,115847400
2015/5/21,1.03,1.139,1.026,1.139,126.81,114986400
2015/5/22,1.16,1.253,1.16,1.253,188.95,157325800
2015/5/25,1.15,1.233,1.15,1.198,265.45,221524300
2015/5/26,1.175,1.222,1.138,1.2,421.43,356788900
2015/5/27,1.208,1.221,1.158,1.2,306.01,255305000
2015/5/28,1.188,1.221,1.08,1.08,216.28,185397600
2015/5/29,1.08,1.14,1.035,1.111,170.78,155466600
2015/6/1,1.107,1.222,1.101,1.222,180.94,154278200
2015/6/2,1.222,1.305,1.2,1.287,192.1,154407200
2015/6/3,1.287,1.305,1.22,1.27,151.21,119521800
2015/6/4,1.264,1.275,1.145,1.259,147.75,121602800
2015/6/5,1.265,1.29,1.22,1.263,125.27,98587000
2015/6/8,1.248,1.263,1.21,1.24,116.09,94441900
2015/6/9,1.218,1.25,1.202,1.222,99.73,81441300
2015/6/10,1.203,1.286,1.197,1.263,145.66,116759400
2015/6/11,1.26,1.287,1.241,1.276,111.76,88279100
2015/6/12,1.285,1.3,1.263,1.289,87.28,67749100
2015/6/15,1.289,1.306,1.243,1.248,90.71,71415900
2015/6/16,1.239,1.239,1.161,1.179,78.91,66176700
2015/6/17,1.169,1.22,1.136,1.218,70.87,60210000
2015/6/18,1.2,1.217,1.16,1.166,50.09,42176300
2015/6/19,1.139,1.155,1.06,1.075,72.99,65405700
2015/6/23,1.071,1.145,0.981,1.141,86.86,80605500
2015/6/24,1.142,1.163,1.106,1.141,83.66,73454800
2015/6/25,1.152,1.152,1.036,1.068,67.24,61314400
2015/6/26,1,1.039,0.961,0.961,71.2,71726500
2015/6/29,0.99,0.997,0.865,0.89,104.04,110510000
2015/6/30,0.89,0.979,0.85,0.979,103.04,110924100
2015/7/1,0.979,1.034,0.881,0.915,122.8,125601600
2015/7/2,0.924,0.924,0.83,0.849,110.65,125906700
2015/7/3,0.8,0.908,0.764,0.767,114.05,141215400
2015/7/6,0.844,0.844,0.746,0.79,144.4,180500500
2015/7/7,0.745,0.745,0.711,0.711,81.3,112789000
2015/7/8,0.64,0.64,0.64,0.64,5.62,8787800
2015/7/9,0.576,0.704,0.576,0.704,204.88,322141000
2015/7/10,0.66,0.773,0.66,0.742,285.7,390581900
2015/7/13,0.703,0.758,0.668,0.698,341.49,483410200
2015/7/14,0.66,0.684,0.628,0.628,296.45,457217000
2015/7/15,0.6,0.615,0.565,0.565,138.04,237837700
2015/7/16,0.509,0.58,0.509,0.545,127.78,236780000
2015/7/17,0.554,0.6,0.548,0.6,143.58,245367800
2015/7/20,0.623,0.66,0.62,0.66,219.56,339156300
2015/7/21,0.65,0.709,0.636,0.698,121.34,178661600
2015/7/22,0.698,0.756,0.685,0.741,168.92,237338300
2015/7/23,0.738,0.809,0.732,0.799,112.86,147053700
2015/7/24,0.8,0.811,0.725,0.749,155.22,198127400
2015/7/27,0.714,0.75,0.674,0.674,106.26,148648500
2015/7/28,0.607,0.672,0.607,0.624,127.82,203551400
2015/7/29,0.644,0.686,0.618,0.686,108.49,167066400
2015/7/30,0.685,0.698,0.65,0.651,106.08,155579900
2015/7/31,0.63,0.684,0.62,0.634,94.25,146054000
2015/8/3,0.617,0.629,0.598,0.612,70.63,115307700
2015/8/4,0.616,0.673,0.616,0.673,127.59,197254100
2015/8/5,0.673,0.68,0.65,0.653,132.23,198364300
2015/8/6,0.63,0.64,0.614,0.622,118.58,189458500
2015/8/7,0.634,0.658,0.625,0.654,145.43,225021600
2015/8/10,0.668,0.719,0.657,0.719,177.08,257273900
2015/8/11,0.724,0.74,0.711,0.717,222.72,307897800
2015/8/12,0.696,0.719,0.691,0.694,128.26,181534300
2015/8/13,0.683,0.73,0.679,0.73,129.76,184136800
2015/8/14,0.734,0.741,0.718,0.721,139.63,190758500
2015/8/17,0.705,0.732,0.7,0.726,106.19,148595500
2015/8/18,0.728,0.733,0.653,0.653,131.14,188277700
2015/8/19,0.635,0.677,0.613,0.673,106.63,165257000
2015/8/20,0.661,0.668,0.633,0.633,77.84,118980400
2015/8/21,0.626,0.636,0.597,0.603,88.56,143055900
2015/8/24,0.554,0.593,0.543,0.543,63.43,115310900
2015/8/25,0.489,0.489,0.489,0.489,25.22,51582800
2015/8/26,0.44,0.51,0.44,0.44,156.63,343164100
2015/8/27,0.46,0.477,0.42,0.468,110.59,246151600
2015/8/28,0.471,0.502,0.458,0.501,115.34,243746000
2015/8/31,0.485,0.494,0.458,0.458,80.58,170062500
2015/9/1,0.46,0.46,0.415,0.415,70.34,162386400
2015/9/2,0.401,0.437,0.392,0.402,67.91,165017700
2015/9/7,0.411,0.44,0.403,0.409,87.68,208111700
2015/9/8,0.404,0.45,0.403,0.45,90.9,214231000
2015/9/9,0.452,0.48,0.443,0.476,135.19,291879000
2015/9/10,0.454,0.464,0.445,0.448,119.93,263631900
2015/9/11,0.443,0.455,0.441,0.45,71.24,158722000
2015/9/14,0.454,0.456,0.405,0.405,93.19,218477500
2015/9/15,0.398,0.41,0.38,0.381,80.97,205120100
2015/9/16,0.382,0.419,0.381,0.419,85.87,215426500
2015/9/17,0.418,0.434,0.406,0.407,159.67,381317000
2015/9/18,0.41,0.413,0.399,0.407,98.13,241674100
2015/9/21,0.4,0.436,0.396,0.431,118.24,282391200
2015/9/22,0.43,0.446,0.425,0.436,134.84,310715100
2015/9/23,0.425,0.435,0.423,0.427,88.3,205867400
2015/9/24,0.43,0.442,0.43,0.437,83.6,191905000
2015/9/25,0.432,0.437,0.416,0.419,91.8,215421700
2015/9/28,0.419,0.427,0.413,0.427,56.12,133459100
2015/9/29,0.419,0.422,0.415,0.418,43.58,104135500
2015/9/30,0.424,0.424,0.417,0.42,36.95,87833000
2015/10/8,0.462,0.462,0.441,0.449,142.57,314653400
2015/10/9,0.448,0.46,0.445,0.457,84.5,186947200
2015/10/12,0.457,0.503,0.457,0.5,127.84,262599300
2015/10/13,0.491,0.504,0.49,0.498,99.58,200764500
2015/10/14,0.495,0.503,0.489,0.489,87.73,177391100
2015/10/15,0.488,0.517,0.484,0.516,107.38,213490400
2015/10/16,0.522,0.529,0.501,0.518,121.49,235774300
2015/10/19,0.519,0.523,0.499,0.509,110.98,216845900
2015/10/20,0.506,0.521,0.503,0.521,97.46,190129400
2015/10/21,0.522,0.523,0.469,0.47,139.95,282290300
2015/10/22,0.472,0.499,0.464,0.497,97.96,203909500
2015/10/23,0.498,0.523,0.495,0.518,121.45,240410500
2015/10/26,0.532,0.532,0.517,0.524,110.3,210346700
2015/10/27,0.519,0.532,0.495,0.528,104.05,202492900
2015/10/28,0.52,0.525,0.503,0.506,79.98,155535100
2015/10/29,0.509,0.52,0.503,0.513,70.86,138540800
2015/10/30,0.508,0.523,0.503,0.515,72.4,140771900
2015/11/2,0.509,0.52,0.498,0.506,62.24,122308400
2015/11/3,0.508,0.509,0.5,0.504,36.85,73052700
2015/11/4,0.504,0.554,0.504,0.554,145.67,273962300
2015/11/5,0.555,0.596,0.55,0.568,173.76,304877300
2015/11/6,0.566,0.609,0.565,0.604,145.43,247610300
2015/11/9,0.6,0.642,0.596,0.63,130.68,212122900
2015/11/10,0.62,0.641,0.615,0.632,122.19,194295000
2015/11/11,0.628,0.647,0.62,0.64,102.01,161951000
2015/11/12,0.642,0.646,0.62,0.63,85.07,134727300
2015/11/13,0.62,0.624,0.601,0.613,74.66,121359900
2015/11/16,0.595,0.634,0.59,0.634,63.57,103736300
2015/11/17,0.642,0.66,0.629,0.63,103.83,160852200
2015/11/18,0.63,0.632,0.614,0.615,68.21,109547300
2015/11/19,0.618,0.643,0.618,0.638,56.4,89960600
2015/11/20,0.642,0.649,0.63,0.642,69.01,107864000
2015/11/23,0.639,0.648,0.626,0.631,65.31,102370800
2015/11/24,0.63,0.642,0.62,0.641,57.77,91730200
2015/11/25,0.64,0.657,0.634,0.656,67.95,105008000
2015/11/26,0.659,0.665,0.645,0.651,66.68,101451900
2015/11/27,0.645,0.647,0.592,0.598,84.97,136490200
2015/11/30,0.59,0.611,0.574,0.605,70.47,118327900
2015/12/1,0.605,0.616,0.596,0.606,54.57,90383000
2015/12/2,0.604,0.616,0.591,0.616,63.58,105227600
2015/12/3,0.613,0.63,0.611,0.628,57.66,92830200
2015/12/4,0.623,0.627,0.613,0.617,47.75,77053900
2015/12/7,0.618,0.623,0.612,0.618,35.19,56951800
2015/12/8,0.614,0.614,0.595,0.595,45.82,75834400
2015/12/9,0.596,0.602,0.592,0.599,27.59,46210700
2015/12/10,0.601,0.609,0.599,0.603,38.45,63562800
2015/12/11,0.599,0.602,0.592,0.596,31.6,53001700
2015/12/14,0.592,0.63,0.59,0.627,57.62,94824300
2015/12/15,0.628,0.636,0.622,0.626,55.7,88412400
2015/12/16,0.628,0.637,0.626,0.631,48.05,76122900
2015/12/17,0.633,0.667,0.633,0.667,79.49,121065900
2015/12/18,0.663,0.677,0.658,0.665,60.6,91107300
2015/12/21,0.662,0.69,0.662,0.688,54.24,79861600
2015/12/22,0.69,0.707,0.684,0.705,63.71,91919600
2015/12/23,0.705,0.708,0.688,0.688,62.39,89172000
2015/12/24,0.688,0.689,0.67,0.685,52.73,77602500
2015/12/25,0.689,0.692,0.681,0.685,44.8,65296100
2015/12/28,0.686,0.69,0.659,0.659,62.35,92233100
2015/12/29,0.655,0.667,0.653,0.667,46.66,70795200
2015/12/30,0.665,0.669,0.658,0.664,43.85,66090000
2015/12/31,0.665,0.667,0.642,0.643,51.91,79525000
2016/1/4,0.64,0.641,0.579,0.579,63.94,106565600
2016/1/5,0.541,0.575,0.539,0.566,96.27,173328400
2016/1/6,0.562,0.585,0.562,0.581,56.73,99350200
2016/1/7,0.567,0.567,0.523,0.523,23.37,43331600
2016/1/8,0.485,0.535,0.485,0.508,98.77,193233100
2016/1/11,0.487,0.488,0.457,0.457,82.53,175088700
2016/1/12,0.411,0.441,0.411,0.42,188.24,449465200
2016/1/13,0.423,0.426,0.392,0.393,154.44,375102300
2016/1/14,0.38,0.423,0.375,0.419,137,345665100
2016/1/15,0.413,0.42,0.391,0.397,125.24,308446700
2016/1/18,0.391,0.419,0.39,0.407,115.41,284277800
2016/1/19,0.405,0.43,0.403,0.426,128.23,307220200
2016/1/20,0.423,0.426,0.411,0.414,112.2,268323700
2016/1/21,0.408,0.42,0.392,0.394,116.5,286037600
2016/1/22,0.402,0.411,0.393,0.407,118.68,295615700
2016/1/25,0.41,0.414,0.404,0.408,87.41,213966100
2016/1/26,0.403,0.404,0.371,0.375,134.92,345521100
2016/1/27,0.378,0.387,0.369,0.383,133.75,354178100
2016/1/28,0.379,0.385,0.368,0.369,121.86,322033200
2016/1/29,0.373,0.392,0.371,0.388,120.46,315786000
2016/2/1,0.386,0.388,0.379,0.384,93.24,242603600
2016/2/2,0.384,0.401,0.384,0.397,99.93,252774600
2016/2/3,0.392,0.406,0.39,0.403,102.34,258580500
2016/2/4,0.406,0.42,0.405,0.416,144.73,349724200
2016/2/5,0.416,0.419,0.408,0.409,69.62,168657900
2016/2/15,0.396,0.405,0.393,0.402,79.16,198715900
2016/2/16,0.402,0.418,0.402,0.417,120.12,290960100
2016/2/17,0.416,0.419,0.406,0.417,127.57,308270300
2016/2/18,0.421,0.424,0.414,0.414,121.85,291483200
2016/2/19,0.414,0.422,0.411,0.418,117.16,281507100
2016/2/22,0.424,0.435,0.422,0.435,130.05,303531700
2016/2/23,0.435,0.436,0.421,0.429,114.15,267226300
2016/2/24,0.425,0.43,0.414,0.429,130.5,308199000
2016/2/25,0.427,0.428,0.393,0.397,132.31,323037800
2016/2/26,0.399,0.404,0.392,0.396,76.65,192771000
2016/2/29,0.397,0.398,0.376,0.378,104.64,272575800
2016/3/1,0.38,0.391,0.376,0.388,79.17,206453200
2016/3/2,0.389,0.416,0.384,0.412,136.8,343816900
2016/3/3,0.41,0.416,0.407,0.408,108.3,263502000
2016/3/4,0.405,0.409,0.392,0.393,109.14,272981800
2016/3/7,0.398,0.404,0.397,0.399,103.87,259289900
2016/3/8,0.4,0.4,0.385,0.398,95.84,244877100
2016/3/9,0.392,0.395,0.389,0.39,53.08,135712300
2016/3/10,0.39,0.394,0.386,0.386,62.98,161613700
2016/3/11,0.385,0.388,0.382,0.385,49.02,127321900
2016/3/14,0.391,0.406,0.39,0.4,104.13,261180700
2016/3/15,0.398,0.399,0.391,0.394,83.01,210151700
2016/3/16,0.396,0.398,0.389,0.39,71.94,182975200
2016/3/17,0.392,0.406,0.392,0.404,114.71,287135800
2016/3/18,0.404,0.426,0.402,0.42,146.02,352034400
2016/3/21,0.428,0.449,0.425,0.449,196.45,452270400
2016/3/22,0.44,0.448,0.435,0.435,144.86,328309300
2016/3/23,0.432,0.442,0.429,0.44,116.65,268678600
2016/3/24,0.436,0.442,0.426,0.429,130.77,301041800
2016/3/25,0.427,0.434,0.425,0.432,83.9,195544700
2016/3/28,0.434,0.449,0.43,0.433,132.12,300137300
2016/3/29,0.432,0.433,0.416,0.424,108.25,254773500
2016/3/30,0.43,0.445,0.428,0.445,135.57,310662800
2016/3/31,0.447,0.449,0.44,0.443,110.16,247709400
2016/4/1,0.442,0.443,0.43,0.438,89.42,204988400
2016/4/5,0.436,0.458,0.434,0.455,136.4,305131800
2016/4/6,0.45,0.456,0.447,0.454,100.23,221794800
2016/4/7,0.458,0.46,0.44,0.442,87.19,194558700
2016/4/8,0.437,0.438,0.429,0.435,79.68,183845100
2016/4/11,0.439,0.45,0.437,0.443,85.56,192295900
2016/4/12,0.442,0.444,0.437,0.439,62.69,142549100
2016/4/13,0.442,0.459,0.441,0.449,119.22,263963300
2016/4/14,0.454,0.456,0.449,0.455,73.62,162893200
2016/4/15,0.455,0.456,0.449,0.452,57.06,126427900
2016/4/18,0.447,0.447,0.44,0.442,56.96,128687300
2016/4/19,0.446,0.448,0.44,0.443,46.71,105347900
2016/4/20,0.445,0.445,0.416,0.422,105.6,246459100
2016/4/21,0.422,0.426,0.416,0.417,63.25,150156800
2016/4/22,0.415,0.42,0.414,0.419,51.03,122371200
2016/4/25,0.417,0.418,0.412,0.416,40.82,98280500
2016/4/26,0.416,0.42,0.415,0.42,44.57,106803400
2016/4/27,0.42,0.421,0.415,0.418,48.76,116544700
2016/4/28,0.419,0.419,0.41,0.417,53.02,127847100
2016/4/29,0.415,0.416,0.412,0.413,34.92,84321700
2016/5/3,0.414,0.43,0.411,0.429,79.5,189130600
2016/5/4,0.426,0.429,0.422,0.425,53.27,125126800
2016/5/5,0.424,0.427,0.421,0.426,43.74,103213900
2016/5/6,0.426,0.429,0.412,0.412,70.11,167354800
2016/5/9,0.409,0.41,0.399,0.399,67.5,167668600
2016/5/10,0.399,0.402,0.398,0.399,36.66,91557300
2016/5/11,0.401,0.402,0.394,0.395,64.77,162546900
2016/5/12,0.391,0.391,0.382,0.389,89.07,230625200
2016/5/13,0.387,0.392,0.386,0.387,44.31,114112600
2016/5/16,0.385,0.392,0.383,0.391,47.57,122764400
2016/5/17,0.391,0.393,0.386,0.39,56.13,144048900
2016/5/18,0.388,0.388,0.383,0.384,47.2,122739500
2016/5/19,0.384,0.39,0.384,0.386,52.66,136051900
2016/5/20,0.385,0.389,0.383,0.389,34.2,88493300
2016/5/23,0.389,0.394,0.388,0.393,60.81,155213300
2016/5/24,0.392,0.393,0.388,0.39,36.13,92677700
2016/5/25,0.392,0.395,0.39,0.39,40.1,102170900
2016/5/26,0.391,0.392,0.385,0.389,57.24,147600400
2016/5/27,0.388,0.39,0.387,0.389,32.03,82438900
2016/5/30,0.386,0.389,0.384,0.387,30.7,79451500
2016/5/31,0.387,0.416,0.386,0.415,126.66,315242800
2016/6/1,0.414,0.418,0.41,0.415,107.39,259380400
2016/6/2,0.413,0.418,0.412,0.417,74.32,179165300
2016/6/3,0.417,0.432,0.416,0.425,88.84,210350900
2016/6/6,0.426,0.427,0.418,0.422,70.62,167451500
2016/6/7,0.422,0.424,0.418,0.423,41.73,99071900
2016/6/8,0.422,0.425,0.416,0.421,51.58,122812600
2016/6/13,0.416,0.417,0.4,0.4,73.09,177932200
2016/6/14,0.397,0.4,0.396,0.397,44.68,112359700
2016/6/15,0.394,0.415,0.393,0.412,66.95,165264900
2016/6/16,0.411,0.412,0.405,0.408,40.15,98262000
2016/6/17,0.409,0.419,0.409,0.412,77.66,187291600
2016/6/20,0.413,0.414,0.406,0.412,45.63,111480100
2016/6/21,0.415,0.425,0.409,0.411,62.66,150289000
2016/6/22,0.41,0.419,0.409,0.419,55.5,133827900
2016/6/23,0.419,0.419,0.413,0.415,41.45,99654800
2016/6/24,0.415,0.419,0.4,0.409,86.92,211716600
2016/6/27,0.407,0.423,0.406,0.423,93.31,224580300
2016/6/28,0.42,0.43,0.418,0.43,84.45,199088400
2016/6/29,0.43,0.435,0.428,0.432,62.69,145298000
2016/6/30,0.432,0.434,0.429,0.432,45.32,105025800
2016/7/1,0.433,0.436,0.428,0.429,42.17,97700300
2016/7/4,0.425,0.442,0.425,0.44,67.19,154328400
2016/7/5,0.439,0.441,0.435,0.439,40.43,92229400
2016/7/6,0.44,0.444,0.436,0.443,60.46,137290800
2016/7/7,0.442,0.446,0.437,0.443,54.5,123370500
2016/7/8,0.443,0.445,0.44,0.443,32.05,72449100
2016/7/11,0.443,0.449,0.441,0.443,55.38,124442600
2016/7/12,0.443,0.455,0.439,0.453,67.24,151348500
2016/7/13,0.454,0.461,0.454,0.459,66.42,145031100
2016/7/14,0.458,0.459,0.455,0.459,37.19,81303400
2016/7/15,0.46,0.461,0.455,0.458,27.51,60159300
2016/7/18,0.457,0.458,0.45,0.453,43.08,94890100
2016/7/19,0.453,0.454,0.446,0.452,37.47,83169000
2016/7/20,0.452,0.455,0.449,0.451,43.69,96719700
2016/7/21,0.45,0.458,0.449,0.451,41.99,92712800
2016/7/22,0.452,0.452,0.446,0.446,32.57,72602500
2016/7/25,0.446,0.449,0.445,0.448,31.43,70298200
2016/7/26,0.447,0.454,0.446,0.454,37.02,82062000
2016/7/27,0.454,0.455,0.423,0.428,97.58,224009700
2016/7/28,0.426,0.431,0.421,0.423,48.38,113724600
2016/7/29,0.423,0.423,0.413,0.414,70.51,168955500
2016/8/1,0.414,0.415,0.406,0.41,70.63,172335200
2016/8/2,0.409,0.414,0.409,0.413,32.6,79301900
2016/8/3,0.411,0.412,0.409,0.41,42.21,102837300
2016/8/4,0.411,0.415,0.407,0.413,57.42,139824600
2016/8/5,0.413,0.414,0.41,0.411,30.09,73070800
2016/8/8,0.411,0.417,0.408,0.416,38.12,92344200
2016/8/9,0.415,0.421,0.413,0.421,52.25,125265700
2016/8/10,0.421,0.421,0.417,0.417,48.67,116259300
2016/8/11,0.415,0.418,0.411,0.411,44.54,107393600
2016/8/12,0.41,0.418,0.41,0.417,45.49,109926100
2016/8/15,0.416,0.449,0.415,0.442,147.05,340459300
2016/8/16,0.44,0.444,0.435,0.436,124.14,282526500
2016/8/17,0.436,0.436,0.427,0.431,103.47,239410100
2016/8/18,0.43,0.433,0.428,0.429,83.65,194481900
2016/8/19,0.43,0.43,0.427,0.429,57.1,133298600
2016/8/22,0.429,0.43,0.42,0.42,56.19,132129300
2016/8/23,0.42,0.422,0.417,0.419,68.99,164203000
2016/8/24,0.42,0.425,0.417,0.423,64.22,152475000
2016/8/25,0.421,0.422,0.415,0.421,60.16,143960600
2016/8/26,0.42,0.427,0.42,0.423,52.9,124889700
2016/8/29,0.422,0.427,0.421,0.426,53.48,125887700
2016/8/30,0.426,0.43,0.425,0.425,57.72,135073800
2016/8/31,0.426,0.426,0.421,0.425,43.32,102226400
2016/9/1,0.425,0.425,0.42,0.421,28.5,67394900
2016/9/2,0.42,0.423,0.417,0.418,34.39,82006600
2016/9/5,0.419,0.423,0.418,0.42,37.12,88330200
2016/9/6,0.42,0.428,0.416,0.427,71.58,169502100
2016/9/7,0.427,0.428,0.423,0.424,38.59,90591200
2016/9/8,0.423,0.425,0.422,0.425,26.91,63509900
2016/9/9,0.424,0.426,0.421,0.421,41.36,97560500
2016/9/12,0.412,0.412,0.405,0.406,88.54,216193200
2016/9/13,0.407,0.409,0.405,0.406,30.89,75920400
2016/9/14,0.404,0.406,0.402,0.405,28.64,70923500
2016/9/19,0.404,0.409,0.404,0.408,35.68,87535300
2016/9/20,0.408,0.408,0.405,0.406,16.28,40047000
2016/9/21,0.406,0.408,0.406,0.407,23.37,57446000
2016/9/22,0.409,0.41,0.408,0.408,30.39,74280800
2016/9/23,0.409,0.41,0.405,0.406,21.07,51743500
2016/9/26,0.406,0.406,0.397,0.399,49.33,122740516
