,date,open,high,low,close,cje,volume,change,code,position,short_window,long_window,s-l,a50
0,2014/12/2,0.44,0.505,0.436,0.505,293.18,616563800,,strategy3data,0,0.3952,0.3705,0.0247,8915
1,2014/12/3,0.51,0.555,0.5,0.549,485.56,909915700,,strategy3data,0,0.4161,0.376733333,0.039366667,8975
2,2014/12/4,0.549,0.604,0.52,0.604,497.47,875965900,,strategy3data,0,0.4428,0.384966667,0.057833333,9630
3,2014/12/5,0.626,0.658,0.566,0.626,628.97,1011764800,,strategy3data,0,0.471,0.394,0.077,9565
4,2014/12/8,0.59,0.65,0.58,0.61,468.68,764030200,,strategy3data,0,0.4951,0.402666667,0.092433333,10125
5,2014/12/9,0.588,0.598,0.549,0.549,358.69,629452700,,strategy3data,0,0.513,0.409066667,0.103933333,9435
6,2014/12/10,0.506,0.549,0.494,0.533,307.14,596674300,,strategy3data,0,0.5292,0.414766667,0.114433333,9830
7,2014/12/11,0.517,0.539,0.503,0.507,226.32,436032200,,strategy3data,0,0.5391,0.4196,0.1195,9580
8,2014/12/12,0.508,0.522,0.502,0.509,121.39,236984400,,strategy3data,0,0.5451,0.4243,0.1208,9590
9,2014/12/15,0.503,0.505,0.47,0.5,148.65,302977300,,strategy3data,0,0.5492,0.4287,0.1205,9685
10,2014/12/16,0.496,0.528,0.493,0.525,181.88,354195700,,strategy3data,0,0.5512,0.4341,0.1171,10075
11,2014/12/17,0.528,0.536,0.517,0.534,240.11,454580200,,strategy3data,0,0.5497,0.439866667,0.109833333,10505
12,2014/12/18,0.531,0.537,0.521,0.523,121.43,229098200,,strategy3data,0,0.5416,0.445366667,0.096233333,10495
13,2014/12/19,0.52,0.524,0.495,0.517,96.63,188602800,,strategy3data,0,0.5307,0.450733333,0.079966667,10600
14,2014/12/22,0.517,0.532,0.499,0.517,120.15,232868800,,strategy3data,0,0.5214,0.455766667,0.065633333,10865
15,2014/12/23,0.507,0.528,0.505,0.51,117.34,226457500,,strategy3data,0,0.5175,0.460766667,0.056733333,10425
16,2014/12/24,0.507,0.515,0.491,0.495,102.97,205768900,,strategy3data,0,0.5137,0.465166667,0.048533333,10030
17,2014/12/25,0.497,0.51,0.489,0.506,77.09,153788400,,strategy3data,0,0.5136,0.4702,0.0434,10460
18,2014/12/26,0.505,0.557,0.504,0.557,188.21,355484400,,strategy3data,0,0.5184,0.4771,0.0413,10960
19,2014/12/29,0.575,0.597,0.55,0.559,209.67,362838800,,strategy3data,0,0.5243,0.484133333,0.040166667,10990
20,2014/12/30,0.56,0.566,0.545,0.55,132.23,237078900,,strategy3data,0,0.5268,0.491066667,0.035733333,11245
21,2014/12/31,0.547,0.584,0.547,0.582,123.21,217293300,,strategy3data,0,0.5316,0.499133333,0.032466667,11650
22,2015/1/5,0.591,0.64,0.581,0.64,317.78,524494300,,strategy3data,0,0.5433,0.509233333,0.034066667,11785
23,2015/1/6,0.64,0.676,0.62,0.657,316.4,484807400,,strategy3data,0,0.5573,0.519666667,0.037633333,11782.5
24,2015/1/7,0.648,0.656,0.62,0.635,203.16,318214200,,strategy3data,0,0.5691,0.528533333,0.040566667,11785
25,2015/1/8,0.63,0.635,0.59,0.611,156.21,254504500,,strategy3data,0,0.5792,0.536566667,0.042633333,11342.5
26,2015/1/9,0.612,0.662,0.608,0.612,231.76,366803600,,strategy3data,0,0.5909,0.5446,0.0463,11282.5
27,2015/1/12,0.608,0.624,0.595,0.617,143.52,235554800,,strategy3data,0,0.602,0.551566667,0.050433333,11305
28,2015/1/13,0.616,0.627,0.611,0.621,88.79,143079400,,strategy3data,0,0.6084,0.5573,0.0511,11167.5
29,2015/1/14,0.621,0.628,0.608,0.614,76.22,123224600,,strategy3data,0,0.6139,0.562466667,0.051433333,11152.5
30,2015/1/15,0.613,0.651,0.601,0.65,128.8,206167900,,strategy3data,0,0.6239,0.5673,0.0566,11655
31,2015/1/16,0.652,0.658,0.642,0.651,132.68,203622500,,strategy3data,0,0.6308,0.5707,0.0601,11632.5
32,2015/1/19,0.586,0.62,0.586,0.586,172.8,289172800,,strategy3data,0,0.6254,0.5701,0.0553,10152.5
33,2015/1/20,0.581,0.603,0.58,0.591,127.94,216019300,,strategy3data,0,0.6188,0.568933333,0.049866667,10530
34,2015/1/21,0.595,0.623,0.586,0.618,142.49,235619500,,strategy3data,0,0.6171,0.5692,0.0479,11137.5
35,2015/1/22,0.62,0.626,0.613,0.62,110.76,178659800,,strategy3data,0,0.618,0.571566667,0.046433333,11025
36,2015/1/23,0.62,0.629,0.615,0.617,104.93,168419300,,strategy3data,0,0.6185,0.574366667,0.044133333,11252.5
37,2015/1/26,0.621,0.624,0.616,0.624,69.55,111955600,,strategy3data,0,0.6192,0.578266667,0.040933333,11262.5
38,2015/1/27,0.622,0.623,0.594,0.608,102.24,168619400,,strategy3data,0,0.6179,0.581566667,0.036333333,11055
39,2015/1/28,0.598,0.607,0.592,0.593,64.88,108818700,,strategy3data,0,0.6158,0.584666667,0.031133333,10967.5
40,2015/1/29,0.585,0.59,0.58,0.581,55.12,94362200,,strategy3data,0,0.6089,0.586533333,0.022366667,10777.5
41,2015/1/30,0.588,0.596,0.576,0.583,58.43,99682500,,strategy3data,0,0.6021,0.588166667,0.013933333,10495
42,2015/2/2,0.574,0.584,0.57,0.57,49.53,86424100,,strategy3data,0,0.6005,0.589733333,0.010766667,10340
43,2015/2/3,0.578,0.592,0.569,0.59,66.67,115112800,,strategy3data,0,0.6004,0.592166667,0.008233333,10640
44,2015/2/4,0.588,0.597,0.58,0.58,57.34,97302700,,strategy3data,0,0.5966,0.594266667,0.002333333,10435
45,2015/2/5,0.603,0.607,0.576,0.576,89.49,151336200,,strategy3data,0,0.5922,0.596466667,-0.004266667,10300
46,2015/2/6,0.575,0.575,0.547,0.551,62.12,110961700,,strategy3data,0,0.5856,0.598333333,-0.012733333,10237.5
47,2015/2/9,0.548,0.563,0.546,0.557,42.4,76214600,,strategy3data,0,0.5789,0.600033333,-0.021133333,10440
48,2015/2/10,0.556,0.573,0.552,0.573,51.91,91917300,,strategy3data,0,0.5754,0.600566667,-0.025166667,10582.5
49,2015/2/11,0.577,0.586,0.575,0.583,44.85,77166600,,strategy3data,0,0.5744,0.601366667,-0.026966667,10550
50,2015/2/12,0.583,0.587,0.577,0.583,36.9,63360200,,strategy3data,0,0.5746,0.602466667,-0.027866667,10650
51,2015/2/13,0.583,0.609,0.583,0.595,72.63,121830200,,strategy3data,0,0.5758,0.6029,-0.0271,10707.5
52,2015/2/16,0.594,0.601,0.592,0.6,42.22,70654400,,strategy3data,0,0.5788,0.601566667,-0.022766667,10795
53,2015/2/17,0.601,0.612,0.601,0.608,74.78,123027800,,strategy3data,0,0.5806,0.599933333,-0.019333333,10780
54,2015/2/25,0.609,0.611,0.588,0.591,47.89,80238100,,strategy3data,0,0.5817,0.598466667,-0.016766667,10607.5
55,2015/2/26,0.589,0.61,0.586,0.61,65.15,108543100,,strategy3data,0,0.5851,0.598433333,-0.013333333,10900
56,2015/2/27,0.61,0.617,0.606,0.613,64.23,104828900,,strategy3data,0,0.5913,0.598466667,-0.007166667,10872.5
57,2015/3/2,0.619,0.635,0.616,0.63,95.03,151970000,,strategy3data,0,0.5986,0.5989,-0.0003,10887.5
58,2015/3/3,0.626,0.626,0.602,0.603,61.36,100197100,,strategy3data,0,0.6016,0.5983,0.0033,10532.5
59,2015/3/4,0.603,0.613,0.596,0.609,51.34,84794600,,strategy3data,0,0.6042,0.598133333,0.006066667,10432.5
60,2015/3/5,0.605,0.607,0.596,0.6,38.34,63912300,,strategy3data,0,0.6059,0.596466667,0.009433333,10252.5
61,2015/3/6,0.599,0.606,0.59,0.591,39.43,66025900,,strategy3data,0,0.6055,0.594466667,0.011033333,10270
62,2015/3/9,0.585,0.602,0.576,0.6,50.39,85614600,,strategy3data,0,0.6055,0.594933333,0.010566667,10522.5
63,2015/3/10,0.596,0.605,0.595,0.599,37.29,62147000,,strategy3data,0,0.6046,0.5952,0.0094,10350
64,2015/3/11,0.599,0.609,0.594,0.597,42.49,70556100,,strategy3data,0,0.6052,0.5945,0.0107,10470
65,2015/3/12,0.598,0.607,0.597,0.606,53.46,88634500,,strategy3data,0,0.6048,0.594033333,0.010766667,10802.5
66,2015/3/13,0.608,0.62,0.606,0.612,69.05,112400700,,strategy3data,0,0.6047,0.593866667,0.010833333,10857.5
67,2015/3/16,0.616,0.645,0.614,0.643,123.96,196766300,,strategy3data,0,0.606,0.5945,0.0115,11165
68,2015/3/17,0.65,0.659,0.645,0.652,111.9,171585000,,strategy3data,0,0.6109,0.595966667,0.014933333,11262.5
69,2015/3/18,0.66,0.695,0.652,0.695,129.72,193069800,,strategy3data,0,0.6195,0.599366667,0.020133333,11535
70,2015/3/19,0.696,0.735,0.686,0.714,215.68,302505400,,strategy3data,0,0.6309,0.6038,0.0271,11470
71,2015/3/20,0.71,0.733,0.701,0.718,122.86,172102900,,strategy3data,0,0.6436,0.6083,0.0353,11755
72,2015/3/23,0.72,0.74,0.712,0.731,165.38,226825200,,strategy3data,0,0.6567,0.613666667,0.043033333,11850
73,2015/3/24,0.729,0.732,0.695,0.717,162.92,227091100,,strategy3data,0,0.6685,0.6179,0.0506,11627.5
74,2015/3/25,0.71,0.718,0.697,0.705,98.99,139915200,,strategy3data,0,0.6793,0.622066667,0.057233333,11560
75,2015/3/26,0.699,0.715,0.69,0.699,72.14,102830200,,strategy3data,0,0.6886,0.626166667,0.062433333,11632.5
76,2015/3/27,0.701,0.717,0.7,0.713,80.54,113556600,,strategy3data,0,0.6987,0.631566667,0.067133333,11737.5
77,2015/3/30,0.713,0.766,0.713,0.761,132.91,179741800,,strategy3data,0,0.7105,0.638366667,0.072133333,12112.35
78,2015/3/31,0.775,0.816,0.753,0.758,149.91,190500000,,strategy3data,0,0.7211,0.644533333,0.076566667,11895
79,2015/4/1,0.757,0.796,0.755,0.785,103.01,132065000,,strategy3data,0,0.7301,0.651266667,0.078833333,12112.5
80,2015/4/2,0.792,0.801,0.761,0.786,108.23,138107700,,strategy3data,0,0.7373,0.658033333,0.079266667,12010
81,2015/4/3,0.781,0.795,0.775,0.793,95.64,121714200,,strategy3data,0,0.7448,0.664633333,0.080166667,12232
82,2015/4/7,0.796,0.811,0.795,0.811,142.01,176915000,,strategy3data,0,0.7528,0.671666667,0.081133333,12455
83,2015/4/8,0.812,0.815,0.784,0.8,171.59,214986100,,strategy3data,0,0.7611,0.678066667,0.083033333,12617.5
84,2015/4/9,0.799,0.803,0.763,0.787,122.47,156730000,,strategy3data,0,0.7693,0.6846,0.0847,12487.5
85,2015/4/10,0.779,0.823,0.771,0.822,136.41,170131600,,strategy3data,0,0.7816,0.691666667,0.089933333,12815
86,2015/4/13,0.832,0.84,0.813,0.834,94.33,114047000,,strategy3data,0,0.7937,0.699033333,0.094666667,12995
87,2015/4/14,0.832,0.844,0.819,0.826,79.63,96261700,,strategy3data,0,0.8002,0.705566667,0.094633333,13030
88,2015/4/15,0.821,0.823,0.785,0.785,93.63,116350800,,strategy3data,0,0.8029,0.711633333,0.091266667,13177.5
89,2015/4/16,0.772,0.833,0.766,0.833,111.48,138035900,,strategy3data,0,0.8077,0.7191,0.0886,13945
90,2015/4/17,0.842,0.863,0.833,0.85,117.2,138772100,,strategy3data,0,0.8141,0.727433333,0.086666667,13960
91,2015/4/20,0.849,0.85,0.811,0.813,111.27,133474400,,strategy3data,0,0.8161,0.734833333,0.081266667,13507.5
92,2015/4/21,0.807,0.872,0.807,0.872,112.67,133303200,,strategy3data,0,0.8222,0.7439,0.0783,13905
93,2015/4/22,0.875,0.92,0.875,0.92,99.07,109662300,,strategy3data,0,0.8342,0.7546,0.0796,14175
94,2015/4/23,0.921,0.935,0.908,0.921,90.11,98080300,,strategy3data,0,0.8476,0.7654,0.0822,13877.5
95,2015/4/24,0.903,0.914,0.889,0.902,84.34,93500700,,strategy3data,0,0.8556,0.775266667,0.080333333,13935
96,2015/4/27,0.903,0.929,0.903,0.914,81.28,88886700,,strategy3data,0,0.8636,0.785333333,0.078266667,14340
97,2015/4/28,0.91,0.92,0.888,0.897,68.81,76409200,,strategy3data,0,0.8707,0.7938,0.0769,14410
98,2015/4/29,0.883,0.915,0.883,0.912,68.67,75920900,,strategy3data,0,0.8834,0.802466667,0.080933333,14316.85
99,2015/4/30,0.916,0.922,0.907,0.908,66.78,72853500,,strategy3data,0,0.8909,0.809566667,0.081333333,14005
100,2015/5/4,0.909,0.918,0.899,0.911,50.39,55367100,,strategy3data,0,0.897,0.816133333,0.080866667,14177.5
101,2015/5/5,0.909,0.909,0.87,0.882,65.7,74053100,,strategy3data,0,0.9039,0.8216,0.0823,13632.5
102,2015/5/6,0.883,0.9,0.86,0.869,52.51,59271500,,strategy3data,0,0.9036,0.8262,0.0774,13535
103,2015/5/7,0.865,0.875,0.858,0.865,39.51,45683700,,strategy3data,0,0.8981,0.831133333,0.066966667,13280
104,2015/5/8,0.869,0.896,0.869,0.896,63.56,71917100,,strategy3data,0,0.8956,0.8375,0.0581,13417.5
105,2015/5/11,0.91,0.934,0.896,0.933,89.58,97884600,,strategy3data,0,0.8987,0.8453,0.0534,13657.5
106,2015/5/12,0.933,0.944,0.923,0.934,65.7,70504600,,strategy3data,0,0.9007,0.852666667,0.048033333,13615
107,2015/5/13,0.928,0.948,0.921,0.939,68.14,72762700,,strategy3data,0,0.9049,0.8586,0.0463,13325
108,2015/5/14,0.931,0.96,0.931,0.933,41.27,43763100,,strategy3data,0,0.907,0.864433333,0.042566667,13335
109,2015/5/15,0.932,0.934,0.897,0.91,40.04,44020600,,strategy3data,0,0.9072,0.8686,0.0386,13185
110,2015/5/18,0.902,0.913,0.897,0.898,32.37,35860600,,strategy3data,0,0.9059,0.872333333,0.033566667,12890
111,2015/5/19,0.898,0.958,0.897,0.958,68.63,73513400,,strategy3data,0,0.9135,0.877833333,0.035666667,13540
112,2015/5/20,0.96,1.054,0.96,1.035,118.61,115847400,,strategy3data,0,0.9301,0.8853,0.0448,13512.5
113,2015/5/21,1.03,1.139,1.026,1.139,126.81,114986400,,strategy3data,0,0.9575,0.8966,0.0609,13687.5
114,2015/5/22,1.16,1.253,1.16,1.253,188.95,157325800,,strategy3data,0,0.9932,0.912133333,0.081066667,14157.5
115,2015/5/25,1.15,1.233,1.15,1.198,265.45,221524300,,strategy3data,0,1.0197,0.924666667,0.095033333,14677.5
116,2015/5/26,1.175,1.222,1.138,1.2,421.43,356788900,,strategy3data,0,1.0463,0.936866667,0.109433333,14582.5
117,2015/5/27,1.208,1.221,1.158,1.2,306.01,255305000,,strategy3data,0,1.0724,0.949333333,0.123066667,14385
118,2015/5/28,1.188,1.221,1.08,1.08,216.28,185397600,,strategy3data,0,1.0871,0.959166667,0.127933333,13503.75
119,2015/5/29,1.08,1.14,1.035,1.111,170.78,155466600,,strategy3data,0,1.1072,0.968433333,0.138766667,13310
120,2015/6/1,1.107,1.222,1.101,1.222,180.94,154278200,,strategy3data,0,1.1396,0.980833333,0.158766667,13977.5
121,2015/6/2,1.222,1.305,1.2,1.287,192.1,154407200,,strategy3data,0,1.1725,0.996633333,0.175866667,13875
122,2015/6/3,1.287,1.305,1.22,1.27,151.21,119521800,,strategy3data,0,1.196,1.0099,0.1861,13775
123,2015/6/4,1.264,1.275,1.145,1.259,147.75,121602800,,strategy3data,0,1.208,1.0212,0.1868,14145
124,2015/6/5,1.265,1.29,1.22,1.263,125.27,98587000,,strategy3data,0,1.209,1.0326,0.1764,13955
125,2015/6/8,1.248,1.263,1.21,1.24,116.09,94441900,,strategy3data,0,1.2132,1.043866667,0.169333333,14797.5
126,2015/6/9,1.218,1.25,1.202,1.222,99.73,81441300,,strategy3data,0,1.2154,1.054133333,0.161266667,14500
127,2015/6/10,1.203,1.286,1.197,1.263,145.66,116759400,,strategy3data,0,1.2217,1.066333333,0.155366667,14295
128,2015/6/11,1.26,1.287,1.241,1.276,111.76,88279100,,strategy3data,0,1.2413,1.078466667,0.162833333,14290
129,2015/6/12,1.285,1.3,1.263,1.289,87.28,67749100,,strategy3data,0,1.2591,1.091166667,0.167933333,14500
130,2015/6/15,1.289,1.306,1.243,1.248,90.71,71415900,,strategy3data,0,1.2617,1.1024,0.1593,13877.5
131,2015/6/16,1.239,1.239,1.161,1.179,78.91,66176700,,strategy3data,0,1.2509,1.1123,0.1386,13490
132,2015/6/17,1.169,1.22,1.136,1.218,70.87,60210000,,strategy3data,0,1.2457,1.123933333,0.121766667,13580
133,2015/6/18,1.2,1.217,1.16,1.166,50.09,42176300,,strategy3data,0,1.2364,1.133966667,0.102433333,13110
134,2015/6/19,1.139,1.155,1.06,1.075,72.99,65405700,,strategy3data,0,1.2176,1.139933333,0.077666667,12555
135,2015/6/23,1.071,1.145,0.981,1.141,86.86,80605500,,strategy3data,0,1.2077,1.146866667,0.060833333,12945
136,2015/6/24,1.142,1.163,1.106,1.141,83.66,73454800,,strategy3data,0,1.1996,1.153766667,0.045833333,13182.5
137,2015/6/25,1.152,1.152,1.036,1.068,67.24,61314400,,strategy3data,0,1.1801,1.158066667,0.022033333,12845
138,2015/6/26,1,1.039,0.961,0.961,71.2,71726500,,strategy3data,0,1.1486,1.159,-0.0104,11895
139,2015/6/29,0.99,0.997,0.865,0.89,104.04,110510000,,strategy3data,0,1.1087,1.158333333,-0.049633333,11892.75
140,2015/6/30,0.89,0.979,0.85,0.979,103.04,110924100,,strategy3data,0,1.0818,1.161033333,-0.079233333,12410
141,2015/7/1,0.979,1.034,0.881,0.915,122.8,125601600,,strategy3data,0,1.0554,1.1596,-0.1042,11575
142,2015/7/2,0.924,0.924,0.83,0.849,110.65,125906700,,strategy3data,0,1.0185,1.1534,-0.1349,11835
143,2015/7/3,0.8,0.908,0.764,0.767,114.05,141215400,,strategy3data,0,0.9786,1.141,-0.1624,11282.5
144,2015/7/6,0.844,0.844,0.746,0.79,144.4,180500500,,strategy3data,0,0.9501,1.125566667,-0.175466667,11927.5
145,2015/7/7,0.745,0.745,0.711,0.711,81.3,112789000,,strategy3data,0,0.9071,1.109333333,-0.202233333,11850
146,2015/7/8,0.64,0.64,0.64,0.64,5.62,8787800,,strategy3data,0,0.857,1.090666667,-0.233666667,10100
147,2015/7/9,0.576,0.704,0.576,0.704,204.88,322141000,,strategy3data,0,0.8206,1.074133333,-0.253533333,11865
148,2015/7/10,0.66,0.773,0.66,0.742,285.7,390581900,,strategy3data,0,0.7987,1.062866667,-0.264166667,12397.5
149,2015/7/13,0.703,0.758,0.668,0.698,341.49,483410200,,strategy3data,0,0.7795,1.0491,-0.2696,12235
150,2015/7/14,0.66,0.684,0.628,0.628,296.45,457217000,,strategy3data,0,0.7444,1.0293,-0.2849,11740
151,2015/7/15,0.6,0.615,0.565,0.565,138.04,237837700,,strategy3data,0,0.7094,1.005233333,-0.295833333,11670
152,2015/7/16,0.509,0.58,0.509,0.545,127.78,236780000,,strategy3data,0,0.679,0.981066667,-0.302066667,11900
153,2015/7/17,0.554,0.6,0.548,0.6,143.58,245367800,,strategy3data,0,0.6623,0.9591,-0.2968,12110
154,2015/7/20,0.623,0.66,0.62,0.66,219.56,339156300,,strategy3data,0,0.6493,0.939,-0.2897,11850
155,2015/7/21,0.65,0.709,0.636,0.698,121.34,178661600,,strategy3data,0,0.648,0.920933333,-0.272933333,11805
156,2015/7/22,0.698,0.756,0.685,0.741,168.92,237338300,,strategy3data,0,0.6581,0.9049,-0.2468,11710
157,2015/7/23,0.738,0.809,0.732,0.799,112.86,147053700,,strategy3data,0,0.6676,0.889433333,-0.221833333,12177.5
158,2015/7/24,0.8,0.811,0.725,0.749,155.22,198127400,,strategy3data,0,0.6683,0.871866667,-0.203566667,11875
159,2015/7/27,0.714,0.75,0.674,0.674,106.26,148648500,,strategy3data,0,0.6659,0.851366667,-0.185466667,10875
160,2015/7/28,0.607,0.672,0.607,0.624,127.82,203551400,,strategy3data,0,0.6655,0.830566667,-0.165066667,10857.5
161,2015/7/29,0.644,0.686,0.618,0.686,108.49,167066400,,strategy3data,0,0.6776,0.814133333,-0.136533333,11225
162,2015/7/30,0.685,0.698,0.65,0.651,106.08,155579900,,strategy3data,0,0.6882,0.795233333,-0.107033333,10909.7
163,2015/7/31,0.63,0.684,0.62,0.634,94.25,146054000,,strategy3data,0,0.6916,0.7775,-0.0859,10560
164,2015/8/3,0.617,0.629,0.598,0.612,70.63,115307700,,strategy3data,0,0.6868,0.762066667,-0.075266667,10625
165,2015/8/4,0.616,0.673,0.616,0.673,127.59,197254100,,strategy3data,0,0.6843,0.746466667,-0.062166667,10957.5
166,2015/8/5,0.673,0.68,0.65,0.653,132.23,198364300,,strategy3data,0,0.6755,0.7302,-0.0547,10795
167,2015/8/6,0.63,0.64,0.614,0.622,118.58,189458500,,strategy3data,0,0.6578,0.715333333,-0.057533333,10760
168,2015/8/7,0.634,0.658,0.625,0.654,145.43,225021600,,strategy3data,0,0.6483,0.7051,-0.0568,10920
169,2015/8/10,0.668,0.719,0.657,0.719,177.08,257273900,,strategy3data,0,0.6528,0.6994,-0.0466,11380
170,2015/8/11,0.724,0.74,0.711,0.717,222.72,307897800,,strategy3data,0,0.6621,0.690666667,-0.028566667,11450
171,2015/8/12,0.696,0.719,0.691,0.694,128.26,181534300,,strategy3data,0,0.6629,0.6833,-0.0204,11137.5
172,2015/8/13,0.683,0.73,0.679,0.73,129.76,184136800,,strategy3data,0,0.6708,0.679333333,-0.008533333,11260
173,2015/8/14,0.734,0.741,0.718,0.721,139.63,190758500,,strategy3data,0,0.6795,0.6778,0.0017,11247.5
174,2015/8/17,0.705,0.732,0.7,0.726,106.19,148595500,,strategy3data,0,0.6909,0.675666667,0.015233333,10972.5
175,2015/8/18,0.728,0.733,0.653,0.653,131.14,188277700,,strategy3data,0,0.6889,0.673733333,0.015166667,10500
176,2015/8/19,0.635,0.677,0.613,0.673,106.63,165257000,,strategy3data,0,0.6909,0.674833333,0.016066667,10500
177,2015/8/20,0.661,0.668,0.633,0.633,77.84,118980400,,strategy3data,0,0.692,0.672466667,0.019533333,10370
178,2015/8/21,0.626,0.636,0.597,0.603,88.56,143055900,,strategy3data,0,0.6869,0.667833333,0.019066667,10040
179,2015/8/24,0.554,0.593,0.543,0.543,63.43,115310900,,strategy3data,0,0.6693,0.662666667,0.006633333,8815
180,2015/8/25,0.489,0.489,0.489,0.489,25.22,51582800,,strategy3data,0,0.6465,0.658033333,-0.011533333,8555
181,2015/8/26,0.44,0.51,0.44,0.44,156.63,343164100,,strategy3data,0,0.6211,0.653866667,-0.032766667,8547.5
182,2015/8/27,0.46,0.477,0.42,0.468,110.59,246151600,,strategy3data,0,0.5949,0.6513,-0.0564,9437.5
183,2015/8/28,0.471,0.502,0.458,0.501,115.34,243746000,,strategy3data,0,0.5729,0.648,-0.0751,9647.5
184,2015/8/31,0.485,0.494,0.458,0.458,80.58,170062500,,strategy3data,0,0.5461,0.641266667,-0.095166667,9267.5
185,2015/9/1,0.46,0.46,0.415,0.415,70.34,162386400,,strategy3data,0,0.5223,0.631833333,-0.109533333,9110
186,2015/9/2,0.401,0.437,0.392,0.402,67.91,165017700,,strategy3data,0,0.4952,0.620533333,-0.125333333,9175
187,2015/9/7,0.411,0.44,0.403,0.409,87.68,208111700,,strategy3data,0,0.4728,0.607533333,-0.134733333,9155
188,2015/9/8,0.404,0.45,0.403,0.45,90.9,214231000,,strategy3data,0,0.4575,0.597566667,-0.140066667,9675
189,2015/9/9,0.452,0.48,0.443,0.476,135.19,291879000,,strategy3data,0,0.4508,0.590966667,-0.140166667,9700
190,2015/9/10,0.454,0.464,0.445,0.448,119.93,263631900,,strategy3data,0,0.4467,0.5851,-0.1384,9677.5
191,2015/9/11,0.443,0.455,0.441,0.45,71.24,158722000,,strategy3data,0,0.4477,0.577233333,-0.129533333,9520
192,2015/9/14,0.454,0.456,0.405,0.405,93.19,218477500,,strategy3data,0,0.4414,0.569033333,-0.127633333,9362.5
193,2015/9/15,0.398,0.41,0.38,0.381,80.97,205120100,0,strategy3data,1,0.4294,0.5606,-0.1312,9357.5
194,2015/9/16,0.382,0.419,0.381,0.419,85.87,215426500,0.0525,strategy3data,1,0.4255,0.554166667,-0.128666667,9700
195,2015/9/17,0.418,0.434,0.406,0.407,159.67,381317000,0.043,strategy3data,1,0.4247,0.5453,-0.1206,9525
196,2015/9/18,0.41,0.413,0.399,0.407,98.13,241674100,0.0451,strategy3data,1,0.4252,0.5371,-0.1119,9502.5
197,2015/9/21,0.4,0.436,0.396,0.431,118.24,282391200,0.081,strategy3data,1,0.4274,0.530733333,-0.103333333,9650
198,2015/9/22,0.43,0.446,0.425,0.436,134.84,310715100,0.0838,strategy3data,1,0.426,0.523466667,-0.097466667,9730
199,2015/9/23,0.425,0.435,0.423,0.427,88.3,205867400,0.0843,strategy3data,1,0.4211,0.513733333,-0.092633333,9522.5
200,2015/9/24,0.43,0.442,0.43,0.437,83.6,191905000,0.1068,strategy3data,1,0.42,0.5044,-0.0844,9485
201,2015/9/25,0.432,0.437,0.416,0.419,91.8,215421700,0.0775,strategy3data,1,0.4169,0.495233333,-0.078333333,9420
202,2015/9/28,0.419,0.427,0.413,0.427,56.12,133459100,0.0947,strategy3data,1,0.4191,0.485133333,-0.066033333,9405
203,2015/9/29,0.419,0.422,0.415,0.418,43.58,104135500,0.0915,strategy3data,1,0.4228,0.475033333,-0.052233333,9242.5
204,2015/9/30,0.424,0.424,0.417,0.42,36.95,87833000,0.0986,strategy3data,1,0.4229,0.464833333,-0.041933333,9207.5
205,2015/10/8,0.462,0.462,0.441,0.449,142.57,314653400,0.1208,strategy3data,1,0.4271,0.458033333,-0.030933333,9580
206,2015/10/9,0.448,0.46,0.445,0.457,84.5,186947200,0.1333,strategy3data,1,0.4321,0.450833333,-0.018733333,9600
207,2015/10/12,0.457,0.503,0.457,0.5,127.84,262599300,,strategy3data,0,0.439,0.4464,-0.0074,10020
208,2015/10/13,0.491,0.504,0.49,0.498,99.58,200764500,,strategy3data,0,0.4452,0.4429,0.0023,9812.5
209,2015/10/14,0.495,0.503,0.489,0.489,87.73,177391100,,strategy3data,0,0.4514,0.4411,0.0103,9705
210,2015/10/15,0.488,0.517,0.484,0.516,107.38,213490400,,strategy3data,0,0.4593,0.442,0.0173,10005
211,2015/10/16,0.522,0.529,0.501,0.518,121.49,235774300,,strategy3data,0,0.4692,0.4446,0.0246,10112.5
212,2015/10/19,0.519,0.523,0.499,0.509,110.98,216845900,,strategy3data,0,0.4774,0.445966667,0.031433333,10092.5
213,2015/10/20,0.506,0.521,0.503,0.521,97.46,190129400,,strategy3data,0,0.4877,0.446633333,0.041066667,10110
214,2015/10/21,0.522,0.523,0.469,0.47,139.95,282290300,,strategy3data,0,0.4927,0.447033333,0.045666667,9937.5
215,2015/10/22,0.472,0.499,0.464,0.497,97.96,203909500,,strategy3data,0,0.4975,0.449766667,0.047733333,10102.5
216,2015/10/23,0.498,0.523,0.495,0.518,121.45,240410500,,strategy3data,0,0.5036,0.453633333,0.049966667,10200
217,2015/10/26,0.532,0.532,0.517,0.524,110.3,210346700,,strategy3data,0,0.506,0.457466667,0.048533333,10177.5
218,2015/10/27,0.519,0.532,0.495,0.528,104.05,202492900,,strategy3data,0,0.509,0.460066667,0.048933333,10162.5
219,2015/10/28,0.52,0.525,0.503,0.506,79.98,155535100,,strategy3data,0,0.5107,0.461066667,0.049633333,10002.5
220,2015/10/29,0.509,0.52,0.503,0.513,70.86,138540800,,strategy3data,0,0.5104,0.463233333,0.047166667,10020
221,2015/10/30,0.508,0.523,0.503,0.515,72.4,140771900,,strategy3data,0,0.5101,0.4654,0.0447,10007.5
222,2015/11/2,0.509,0.52,0.498,0.506,62.24,122308400,,strategy3data,0,0.5098,0.468766667,0.041033333,9850
223,2015/11/3,0.508,0.509,0.5,0.504,36.85,73052700,,strategy3data,0,0.5081,0.472866667,0.035233333,9835
224,2015/11/4,0.504,0.554,0.504,0.554,145.67,273962300,,strategy3data,0,0.5165,0.477366667,0.039133333,10352.5
225,2015/11/5,0.555,0.596,0.55,0.568,173.76,304877300,,strategy3data,0,0.5236,0.482733333,0.040866667,10640
226,2015/11/6,0.566,0.609,0.565,0.604,145.43,247610300,,strategy3data,0,0.5322,0.4893,0.0429,10800
227,2015/11/9,0.6,0.642,0.596,0.63,130.68,212122900,,strategy3data,0,0.5428,0.495933333,0.046866667,10952.5
228,2015/11/10,0.62,0.641,0.615,0.632,122.19,194295000,,strategy3data,0,0.5532,0.502466667,0.050733333,10825
229,2015/11/11,0.628,0.647,0.62,0.64,102.01,161951000,,strategy3data,0,0.5666,0.509566667,0.057033333,10805
230,2015/11/12,0.642,0.646,0.62,0.63,85.07,134727300,,strategy3data,0,0.5783,0.516,0.0623,10720
231,2015/11/13,0.62,0.624,0.601,0.613,74.66,121359900,,strategy3data,0,0.5881,0.522466667,0.065633333,10557.5
232,2015/11/16,0.595,0.634,0.59,0.634,63.57,103736300,,strategy3data,0,0.6009,0.529366667,0.071533333,10460
233,2015/11/17,0.642,0.66,0.629,0.63,103.83,160852200,,strategy3data,0,0.6135,0.536433333,0.077066667,10492.5
234,2015/11/18,0.63,0.632,0.614,0.615,68.21,109547300,,strategy3data,0,0.6196,0.542933333,0.076666667,10495
235,2015/11/19,0.618,0.643,0.618,0.638,56.4,89960600,,strategy3data,0,0.6266,0.549233333,0.077366667,10660
236,2015/11/20,0.642,0.649,0.63,0.642,69.01,107864000,,strategy3data,0,0.6304,0.5554,0.075,10650
237,2015/11/23,0.639,0.648,0.626,0.631,65.31,102370800,,strategy3data,0,0.6305,0.559766667,0.070733333,10580
238,2015/11/24,0.63,0.642,0.62,0.641,57.77,91730200,,strategy3data,0,0.6314,0.564533333,0.066866667,10562.5
239,2015/11/25,0.64,0.657,0.634,0.656,67.95,105008000,,strategy3data,0,0.633,0.5701,0.0629,10645
240,2015/11/26,0.659,0.665,0.645,0.651,66.68,101451900,,strategy3data,0,0.6351,0.5746,0.0605,10567.5
241,2015/11/27,0.645,0.647,0.592,0.598,84.97,136490200,,strategy3data,0,0.6336,0.577266667,0.056333333,10122.5
242,2015/11/30,0.59,0.611,0.574,0.605,70.47,118327900,,strategy3data,0,0.6307,0.580466667,0.050233333,9922.5
243,2015/12/1,0.605,0.616,0.596,0.606,54.57,90383000,,strategy3data,0,0.6283,0.5833,0.045,10080
244,2015/12/2,0.604,0.616,0.591,0.616,63.58,105227600,,strategy3data,0,0.6284,0.588166667,0.040233333,10587.5
245,2015/12/3,0.613,0.63,0.611,0.628,57.66,92830200,,strategy3data,0,0.6274,0.592533333,0.034866667,10582.5
246,2015/12/4,0.623,0.627,0.613,0.617,47.75,77053900,,strategy3data,0,0.6249,0.595833333,0.029066667,10285
247,2015/12/7,0.618,0.623,0.612,0.618,35.19,56951800,,strategy3data,0,0.6236,0.598966667,0.024633333,10270
248,2015/12/8,0.614,0.614,0.595,0.595,45.82,75834400,,strategy3data,0,0.619,0.6012,0.0178,10132.5
249,2015/12/9,0.596,0.602,0.592,0.599,27.59,46210700,,strategy3data,0,0.6133,0.6043,0.009,10235
250,2015/12/10,0.601,0.609,0.599,0.603,38.45,63562800,,strategy3data,0,0.6085,0.6073,0.0012,10087.5
251,2015/12/11,0.599,0.602,0.592,0.596,31.6,53001700,,strategy3data,0,0.6083,0.61,-0.0017,10135
252,2015/12/14,0.592,0.63,0.59,0.627,57.62,94824300,,strategy3data,0,0.6105,0.614033333,-0.003533333,10395
253,2015/12/15,0.628,0.636,0.622,0.626,55.7,88412400,,strategy3data,0,0.6125,0.6181,-0.0056,10217.5
254,2015/12/16,0.628,0.637,0.626,0.631,48.05,76122900,,strategy3data,0,0.614,0.620666667,-0.006666667,10260
255,2015/12/17,0.633,0.667,0.633,0.667,79.49,121065900,,strategy3data,0,0.6179,0.623966667,-0.006066667,10547.5
256,2015/12/18,0.663,0.677,0.658,0.665,60.6,91107300,,strategy3data,0,0.6227,0.626,-0.0033,10600
257,2015/12/21,0.662,0.69,0.662,0.688,54.24,79861600,,strategy3data,0,0.6297,0.627933333,0.001766667,10945
258,2015/12/22,0.69,0.707,0.684,0.705,63.71,91919600,,strategy3data,0,0.6407,0.630366667,0.010333333,10932.5
259,2015/12/23,0.705,0.708,0.688,0.688,62.39,89172000,,strategy3data,0,0.6496,0.631966667,0.017633333,10900
260,2015/12/24,0.688,0.689,0.67,0.685,52.73,77602500,,strategy3data,0,0.6578,0.6338,0.024,10925
261,2015/12/25,0.689,0.692,0.681,0.685,44.8,65296100,,strategy3data,0,0.6667,0.6362,0.0305,10987.5
262,2015/12/28,0.686,0.69,0.659,0.659,62.35,92233100,,strategy3data,0,0.6699,0.637033333,0.032866667,10600
263,2015/12/29,0.655,0.667,0.653,0.667,46.66,70795200,,strategy3data,0,0.674,0.638266667,0.035733333,10745
264,2015/12/30,0.665,0.669,0.658,0.664,43.85,66090000,,strategy3data,0,0.6773,0.6399,0.0374,10777.5
265,2015/12/31,0.665,0.667,0.642,0.643,51.91,79525000,,strategy3data,0,0.6749,0.640066667,0.034833333,10470
266,2016/1/4,0.64,0.641,0.579,0.579,63.94,106565600,,strategy3data,0,0.6663,0.637966667,0.028333333,9730
267,2016/1/5,0.541,0.575,0.539,0.566,96.27,173328400,,strategy3data,0,0.6541,0.6358,0.0183,10022.5
268,2016/1/6,0.562,0.585,0.562,0.581,56.73,99350200,,strategy3data,0,0.6417,0.6338,0.0079,10045
269,2016/1/7,0.567,0.567,0.523,0.523,23.37,43331600,,strategy3data,0,0.6252,0.629366667,-0.004166667,9400
270,2016/1/8,0.485,0.535,0.485,0.508,98.77,193233100,,strategy3data,0,0.6075,0.6246,-0.0171,9785
271,2016/1/11,0.487,0.488,0.457,0.457,82.53,175088700,,strategy3data,0,0.5847,0.6199,-0.0352,9265
272,2016/1/12,0.411,0.441,0.411,0.42,188.24,449465200,,strategy3data,0,0.5608,0.613733333,-0.052933333,9375
273,2016/1/13,0.423,0.426,0.392,0.393,154.44,375102300,,strategy3data,0,0.5334,0.606633333,-0.073233333,9250
274,2016/1/14,0.38,0.423,0.375,0.419,137,345665100,0,strategy3data,1,0.5089,0.600066667,-0.091166667,9370
275,2016/1/15,0.413,0.42,0.391,0.397,125.24,308446700,-0.0227,strategy3data,1,0.4843,0.592366667,-0.108066667,9100
276,2016/1/18,0.391,0.419,0.39,0.407,115.41,284277800,-0.0066,strategy3data,1,0.4671,0.585366667,-0.118266667,9167.5
277,2016/1/19,0.405,0.43,0.403,0.426,128.23,307220200,0.0044,strategy3data,1,0.4531,0.578966667,-0.125866667,9480
278,2016/1/20,0.423,0.426,0.411,0.414,112.2,268323700,0.0077,strategy3data,1,0.4364,0.572933333,-0.136533333,9180
279,2016/1/21,0.408,0.42,0.392,0.394,116.5,286037600,-0.0226,strategy3data,1,0.4235,0.5661,-0.1426,9030
280,2016/1/22,0.402,0.411,0.393,0.407,118.68,295615700,-0.0048,strategy3data,1,0.4134,0.559566667,-0.146166667,9150
281,2016/1/25,0.41,0.414,0.404,0.408,87.41,213966100,-0.0066,strategy3data,1,0.4085,0.5533,-0.1448,9190
282,2016/1/26,0.403,0.404,0.371,0.375,134.92,345521100,-0.0476,strategy3data,1,0.404,0.5449,-0.1409,8827.5
283,2016/1/27,0.378,0.387,0.369,0.383,133.75,354178100,-0.0217,strategy3data,1,0.403,0.5368,-0.1338,8770
284,2016/1/28,0.379,0.385,0.368,0.369,121.86,322033200,-0.0431,strategy3data,1,0.398,0.528066667,-0.130066667,8645
285,2016/1/29,0.373,0.392,0.371,0.388,120.46,315786000,-0.0132,strategy3data,1,0.3971,0.518766667,-0.121666667,8802.5
286,2016/2/1,0.386,0.388,0.379,0.384,93.24,242603600,0.005,strategy3data,1,0.3948,0.5094,-0.1146,8540
287,2016/2/2,0.384,0.401,0.384,0.397,99.93,252774600,0.008,strategy3data,1,0.3919,0.4997,-0.1078,8800
288,2016/2/3,0.392,0.406,0.39,0.403,102.34,258580500,0.0336,strategy3data,1,0.3908,0.489633333,-0.098833333,8680
289,2016/2/4,0.406,0.42,0.405,0.416,144.73,349724200,0.0494,strategy3data,1,0.393,0.480566667,-0.087566667,8800
290,2016/2/5,0.416,0.419,0.408,0.409,69.62,168657900,0.0396,strategy3data,1,0.3932,0.471366667,-0.078166667,8750
291,2016/2/15,0.396,0.405,0.393,0.402,79.16,198715900,0.0302,strategy3data,1,0.3926,0.461933333,-0.069333333,8692.5
292,2016/2/16,0.402,0.418,0.402,0.417,120.12,290960100,0.0377,strategy3data,1,0.3968,0.453866667,-0.057066667,8940
293,2016/2/17,0.416,0.419,0.406,0.417,127.57,308270300,0.0399,strategy3data,1,0.4002,0.445533333,-0.045333333,8917.5
294,2016/2/18,0.421,0.424,0.414,0.414,121.85,291483200,0.0225,strategy3data,1,0.4047,0.4372,-0.0325,9030
295,2016/2/19,0.414,0.422,0.411,0.418,117.16,281507100,0.0349,strategy3data,1,0.4077,0.4297,-0.022,8990
296,2016/2/22,0.424,0.435,0.422,0.435,130.05,303531700,0.0474,strategy3data,1,0.4128,0.4249,-0.0121,9222.5
297,2016/2/23,0.435,0.436,0.421,0.429,114.15,267226300,0.0527,strategy3data,1,0.416,0.420333333,-0.004333333,9040
298,2016/2/24,0.425,0.43,0.414,0.429,130.5,308199000,0.0432,strategy3data,1,0.4186,0.415266667,0.003333333,9140
299,2016/2/25,0.427,0.428,0.393,0.397,132.31,323037800,0.017,strategy3data,1,0.4167,0.411066667,0.005633333,8712.5
300,2016/2/26,0.399,0.404,0.392,0.396,76.65,192771000,0.0034,strategy3data,1,0.4154,0.407333333,0.008066667,8822.5
301,2016/2/29,0.397,0.398,0.376,0.378,104.64,272575800,-0.0211,strategy3data,1,0.413,0.4047,0.0083,8650
302,2016/3/1,0.38,0.391,0.376,0.388,79.17,206453200,-0.0139,strategy3data,1,0.4101,0.403633333,0.006466667,8810
303,2016/3/2,0.389,0.416,0.384,0.412,136.8,343816900,0.0122,strategy3data,1,0.4096,0.404266667,0.005333333,9090
304,2016/3/3,0.41,0.416,0.407,0.408,108.3,263502000,-0.0001,strategy3data,1,0.409,0.4039,0.0051,9125
305,2016/3/4,0.405,0.409,0.392,0.393,109.14,272981800,-0.0608,strategy3data,1,0.4065,0.403766667,0.002733333,9380
306,2016/3/7,0.398,0.404,0.397,0.399,103.87,259289900,-0.0413,strategy3data,1,0.4029,0.4035,-0.0006,9330
307,2016/3/8,0.4,0.4,0.385,0.398,95.84,244877100,-0.0376,strategy3data,1,0.3998,0.402566667,-0.002766667,9270
308,2016/3/9,0.392,0.395,0.389,0.39,53.08,135712300,-0.0525,strategy3data,1,0.3959,0.401766667,-0.005866667,9227.5
309,2016/3/10,0.39,0.394,0.386,0.386,62.98,161613700,-0.0464,strategy3data,1,0.3948,0.4015,-0.0067,9075
310,2016/3/11,0.385,0.388,0.382,0.385,49.02,127321900,-0.0601,strategy3data,1,0.3937,0.400766667,-0.007066667,9182.5
311,2016/3/14,0.391,0.406,0.39,0.4,104.13,261180700,-0.0314,strategy3data,1,0.3959,0.4005,-0.0046,9255
312,2016/3/15,0.398,0.399,0.391,0.394,83.01,210151700,-0.0441,strategy3data,1,0.3965,0.401133333,-0.004633333,9240
313,2016/3/16,0.396,0.398,0.389,0.39,71.94,182975200,-0.0695,strategy3data,1,0.3943,0.401366667,-0.007066667,9392.5
314,2016/3/17,0.392,0.406,0.392,0.404,114.71,287135800,-0.0456,strategy3data,1,0.3939,0.402533333,-0.008633333,9490
315,2016/3/18,0.404,0.426,0.402,0.42,146.02,352034400,-0.0176,strategy3data,1,0.3966,0.4036,-0.007,9575
316,2016/3/21,0.428,0.449,0.425,0.449,196.45,452270400,0.023,strategy3data,1,0.4016,0.405766667,-0.004166667,9787.5
317,2016/3/22,0.44,0.448,0.435,0.435,144.86,328309300,0.0075,strategy3data,1,0.4053,0.407033333,-0.001733333,9647.5
318,2016/3/23,0.432,0.442,0.429,0.44,116.65,268678600,0.0166,strategy3data,1,0.4103,0.408266667,0.002033333,9660
319,2016/3/24,0.436,0.442,0.426,0.429,130.77,301041800,0.0091,strategy3data,1,0.4146,0.4087,0.0059,9497.5
320,2016/3/25,0.427,0.434,0.425,0.432,83.9,195544700,0.0029,strategy3data,1,0.4193,0.409466667,0.009833333,9630
321,2016/3/28,0.434,0.449,0.43,0.433,132.12,300137300,0.0177,strategy3data,1,0.4226,0.4105,0.0121,9495
322,2016/3/29,0.432,0.433,0.416,0.424,108.25,254773500,0.0045,strategy3data,1,0.4256,0.410733333,0.014866667,9435
323,2016/3/30,0.43,0.445,0.428,0.445,135.57,310662800,0.0299,strategy3data,1,0.4311,0.411666667,0.019433333,9625
324,2016/3/31,0.447,0.449,0.44,0.443,110.16,247709400,0.0282,strategy3data,1,0.435,0.412633333,0.022366667,9600
325,2016/4/1,0.442,0.443,0.43,0.438,89.42,204988400,0.0191,strategy3data,1,0.4368,0.4133,0.0235,9590
326,2016/4/5,0.436,0.458,0.434,0.455,136.4,305131800,0.0471,strategy3data,1,0.4374,0.413966667,0.023433333,9650
327,2016/4/6,0.45,0.456,0.447,0.454,100.23,221794800,,strategy3data,0,0.4393,0.4148,0.0245,9620
328,2016/4/7,0.458,0.46,0.44,0.442,87.19,194558700,,strategy3data,0,0.4395,0.415233333,0.024266667,9495
329,2016/4/8,0.437,0.438,0.429,0.435,79.68,183845100,,strategy3data,0,0.4401,0.4165,0.0236,9525
330,2016/4/11,0.439,0.45,0.437,0.443,85.56,192295900,,strategy3data,0,0.4412,0.418066667,0.023133333,9595
331,2016/4/12,0.442,0.444,0.437,0.439,62.69,142549100,,strategy3data,0,0.4418,0.4201,0.0217,9590
332,2016/4/13,0.442,0.459,0.441,0.449,119.22,263963300,,strategy3data,0,0.4443,0.422133333,0.022166667,9765
333,2016/4/14,0.454,0.456,0.449,0.455,73.62,162893200,,strategy3data,0,0.4453,0.423566667,0.021733333,9720
334,2016/4/15,0.455,0.456,0.449,0.452,57.06,126427900,,strategy3data,0,0.4462,0.425033333,0.021166667,9730
335,2016/4/18,0.447,0.447,0.44,0.442,56.96,128687300,,strategy3data,0,0.4466,0.426666667,0.019933333,9635
336,2016/4/19,0.446,0.448,0.44,0.443,46.71,105347900,,strategy3data,0,0.4454,0.428133333,0.017266667,9675
337,2016/4/20,0.445,0.445,0.416,0.422,105.6,246459100,,strategy3data,0,0.4422,0.428933333,0.013266667,9520
338,2016/4/21,0.422,0.426,0.416,0.417,63.25,150156800,,strategy3data,0,0.4397,0.429833333,0.009866667,9575
339,2016/4/22,0.415,0.42,0.414,0.419,51.03,122371200,,strategy3data,0,0.4381,0.430933333,0.007166667,9657.5
340,2016/4/25,0.417,0.418,0.412,0.416,40.82,98280500,,strategy3data,0,0.4354,0.431966667,0.003433333,9577.5
341,2016/4/26,0.416,0.42,0.415,0.42,44.57,106803400,,strategy3data,0,0.4335,0.432633333,0.000866667,9660
342,2016/4/27,0.42,0.421,0.415,0.418,48.76,116544700,,strategy3data,0,0.4304,0.433433333,-0.003033333,9627.5
343,2016/4/28,0.419,0.419,0.41,0.417,53.02,127847100,,strategy3data,0,0.4266,0.434333333,-0.007733333,9595
344,2016/4/29,0.415,0.416,0.412,0.413,34.92,84321700,,strategy3data,0,0.4227,0.434633333,-0.011933333,9532.5
345,2016/5/3,0.414,0.43,0.411,0.429,79.5,189130600,,strategy3data,0,0.4214,0.434933333,-0.013533333,9630
346,2016/5/4,0.426,0.429,0.422,0.425,53.27,125126800,,strategy3data,0,0.4196,0.434133333,-0.014533333,9630
347,2016/5/5,0.424,0.427,0.421,0.426,43.74,103213900,,strategy3data,0,0.42,0.433833333,-0.013833333,9615
348,2016/5/6,0.426,0.429,0.412,0.412,70.11,167354800,,strategy3data,0,0.4195,0.4329,-0.0134,9362.5
349,2016/5/9,0.409,0.41,0.399,0.399,67.5,167668600,,strategy3data,0,0.4175,0.4319,-0.0144,9217.5
350,2016/5/10,0.399,0.402,0.398,0.399,36.66,91557300,0,strategy3data,1,0.4158,0.4308,-0.015,9315
351,2016/5/11,0.401,0.402,0.394,0.395,64.77,162546900,-0.0038,strategy3data,1,0.4133,0.429533333,-0.016233333,9260
352,2016/5/12,0.391,0.391,0.382,0.389,89.07,230625200,-0.0246,strategy3data,1,0.4104,0.428366667,-0.017966667,9327.5
353,2016/5/13,0.387,0.392,0.386,0.387,44.31,114112600,-0.0261,strategy3data,1,0.4074,0.426433333,-0.019033333,9295
354,2016/5/16,0.385,0.392,0.383,0.391,47.57,122764400,-0.0176,strategy3data,1,0.4052,0.4247,-0.0195,9305
355,2016/5/17,0.391,0.393,0.386,0.39,56.13,144048900,-0.0217,strategy3data,1,0.4013,0.4231,-0.0218,9322.5
356,2016/5/18,0.388,0.388,0.383,0.384,47.2,122739500,-0.0324,strategy3data,1,0.3972,0.420733333,-0.023533333,9285
357,2016/5/19,0.384,0.39,0.384,0.386,52.66,136051900,-0.0275,strategy3data,1,0.3932,0.418466667,-0.025266667,9285
358,2016/5/20,0.385,0.389,0.383,0.389,34.2,88493300,-0.028,strategy3data,1,0.3909,0.4167,-0.0258,9362.5
359,2016/5/23,0.389,0.394,0.388,0.393,60.81,155213300,-0.0153,strategy3data,1,0.3903,0.4153,-0.025,9330
360,2016/5/24,0.392,0.393,0.388,0.39,36.13,92677700,-0.0214,strategy3data,1,0.3894,0.413533333,-0.024133333,9320
361,2016/5/25,0.392,0.395,0.39,0.39,40.1,102170900,-0.0234,strategy3data,1,0.3889,0.4119,-0.023,9340
362,2016/5/26,0.391,0.392,0.385,0.389,57.24,147600400,-0.029,strategy3data,1,0.3889,0.4099,-0.021,9372.5
363,2016/5/27,0.388,0.39,0.387,0.389,32.03,82438900,-0.0328,strategy3data,1,0.3891,0.4077,-0.0186,9410
364,2016/5/30,0.386,0.389,0.384,0.387,30.7,79451500,-0.0394,strategy3data,1,0.3887,0.405533333,-0.016833333,9427.5
365,2016/5/31,0.387,0.416,0.386,0.415,126.66,315242800,0.0182,strategy3data,1,0.3912,0.404633333,-0.013433333,9495
366,2016/6/1,0.414,0.418,0.41,0.415,107.39,259380400,0.0276,strategy3data,1,0.3943,0.4037,-0.0094,9395
367,2016/6/2,0.413,0.418,0.412,0.417,74.32,179165300,0.0312,strategy3data,1,0.3974,0.403533333,-0.006133333,9402.5
368,2016/6/3,0.417,0.432,0.416,0.425,88.84,210350900,0.0464,strategy3data,1,0.401,0.4038,-0.0028,9417.5
369,2016/6/6,0.426,0.427,0.418,0.422,70.62,167451500,0.0456,strategy3data,1,0.4039,0.4039,3.44E-15,9360
370,2016/6/7,0.422,0.424,0.418,0.423,41.73,99071900,0.0451,strategy3data,1,0.4072,0.404133333,0.003066667,9387.5
371,2016/6/8,0.422,0.425,0.416,0.421,51.58,122812600,0.0452,strategy3data,1,0.4103,0.404166667,0.006133333,9342.5
372,2016/6/13,0.416,0.417,0.4,0.4,73.09,177932200,0.0279,strategy3data,1,0.4114,0.403566667,0.007833333,9052.5
373,2016/6/14,0.397,0.4,0.396,0.397,44.68,112359700,0.0116,strategy3data,1,0.4122,0.4029,0.0093,9150
374,2016/6/15,0.394,0.415,0.393,0.412,66.95,165264900,0.044,strategy3data,1,0.4147,0.402866667,0.011833333,9155
375,2016/6/16,0.411,0.412,0.405,0.408,40.15,98262000,0.0354,strategy3data,1,0.414,0.402166667,0.011833333,9155
376,2016/6/17,0.409,0.419,0.409,0.412,77.66,187291600,0.0392,strategy3data,1,0.4137,0.401733333,0.011966667,9205
377,2016/6/20,0.413,0.414,0.406,0.412,45.63,111480100,0.0383,strategy3data,1,0.4132,0.401266667,0.011933333,9215
378,2016/6/21,0.415,0.425,0.409,0.411,62.66,150289000,0.0376,strategy3data,1,0.4118,0.401233333,0.010566667,9200
379,2016/6/22,0.41,0.419,0.409,0.419,55.5,133827900,0.0487,strategy3data,1,0.4115,0.4019,0.0096,9260
380,2016/6/23,0.419,0.419,0.413,0.415,41.45,99654800,0.0472,strategy3data,1,0.4107,0.402433333,0.008266667,9187.5
381,2016/6/24,0.415,0.419,0.4,0.409,86.92,211716600,0.0374,strategy3data,1,0.4095,0.4029,0.0066,9157.5
382,2016/6/27,0.407,0.423,0.406,0.423,93.31,224580300,0.06,strategy3data,1,0.4118,0.404033333,0.007766667,9227.5
383,2016/6/28,0.42,0.43,0.418,0.43,84.45,199088400,0.0717,strategy3data,1,0.4151,0.405466667,0.009633333,9252.5
384,2016/6/29,0.43,0.435,0.428,0.432,62.69,145298000,0.069,strategy3data,1,0.4171,0.406833333,0.010266667,9325
385,2016/6/30,0.432,0.434,0.429,0.432,45.32,105025800,0.0772,strategy3data,1,0.4195,0.408233333,0.011266667,9235
386,2016/7/1,0.433,0.436,0.428,0.429,42.17,97700300,0.067,strategy3data,1,0.4212,0.409733333,0.011466667,9282.5
387,2016/7/4,0.425,0.442,0.425,0.44,67.19,154328400,0.0762,strategy3data,1,0.424,0.411533333,0.012466667,9417.5
388,2016/7/5,0.439,0.441,0.435,0.439,40.43,92229400,0.0792,strategy3data,1,0.4268,0.4132,0.0136,9362.5
389,2016/7/6,0.44,0.444,0.436,0.443,60.46,137290800,0.0869,strategy3data,1,0.4292,0.414866667,0.014333333,9362.5
390,2016/7/7,0.442,0.446,0.437,0.443,54.5,123370500,0.0864,strategy3data,1,0.432,0.416633333,0.015366667,9367.5
391,2016/7/8,0.443,0.445,0.44,0.443,32.05,72449100,0.0873,strategy3data,1,0.4354,0.4184,0.017,9357.5
392,2016/7/11,0.443,0.449,0.441,0.443,55.38,124442600,0.0835,strategy3data,1,0.4374,0.4202,0.0172,9400
393,2016/7/12,0.443,0.455,0.439,0.453,67.24,151348500,0.0828,strategy3data,1,0.4397,0.422333333,0.017366667,9620
394,2016/7/13,0.454,0.461,0.454,0.459,66.42,145031100,,strategy3data,0,0.4424,0.424733333,0.017666667,9635
395,2016/7/14,0.458,0.459,0.455,0.459,37.19,81303400,,strategy3data,0,0.4451,0.4262,0.0189,9577.5
396,2016/7/15,0.46,0.461,0.455,0.458,27.51,60159300,,strategy3data,0,0.448,0.427633333,0.020366667,9597.5
397,2016/7/18,0.457,0.458,0.45,0.453,43.08,94890100,,strategy3data,0,0.4493,0.428833333,0.020466667,9570
398,2016/7/19,0.453,0.454,0.446,0.452,37.47,83169000,,strategy3data,0,0.4506,0.429733333,0.020866667,9477.5
399,2016/7/20,0.452,0.455,0.449,0.451,43.69,96719700,,strategy3data,0,0.4514,0.4307,0.0207,9482.5
400,2016/7/21,0.45,0.458,0.449,0.451,41.99,92712800,,strategy3data,0,0.4522,0.431633333,0.020566667,9542.5
401,2016/7/22,0.452,0.452,0.446,0.446,32.57,72602500,,strategy3data,0,0.4525,0.432466667,0.020033333,9422.5
402,2016/7/25,0.446,0.449,0.445,0.448,31.43,70298200,,strategy3data,0,0.453,0.434066667,0.018933333,9460
403,2016/7/26,0.447,0.454,0.446,0.454,37.02,82062000,,strategy3data,0,0.4531,0.435966667,0.017133333,9540
404,2016/7/27,0.454,0.455,0.423,0.428,97.58,224009700,,strategy3data,0,0.45,0.4365,0.0135,9480
405,2016/7/28,0.426,0.431,0.421,0.423,48.38,113724600,,strategy3data,0,0.4464,0.437,0.0094,9470
406,2016/7/29,0.423,0.423,0.413,0.414,70.51,168955500,,strategy3data,0,0.442,0.437066667,0.004933333,9442.5
407,2016/8/1,0.414,0.415,0.406,0.41,70.63,172335200,,strategy3data,0,0.4377,0.437,0.0007,9430
408,2016/8/2,0.409,0.414,0.409,0.413,32.6,79301900,,strategy3data,0,0.4338,0.437066667,-0.003266667,9397.5
409,2016/8/3,0.411,0.412,0.409,0.41,42.21,102837300,,strategy3data,0,0.4297,0.436766667,-0.007066667,9380
410,2016/8/4,0.411,0.415,0.407,0.413,57.42,139824600,,strategy3data,0,0.4259,0.4367,-0.0108,9390
411,2016/8/5,0.413,0.414,0.41,0.411,30.09,73070800,,strategy3data,0,0.4224,0.436766667,-0.014366667,9452.5
412,2016/8/8,0.411,0.417,0.408,0.416,38.12,92344200,,strategy3data,0,0.4192,0.436533333,-0.017333333,9497.5
413,2016/8/9,0.415,0.421,0.413,0.421,52.25,125265700,,strategy3data,0,0.4159,0.436233333,-0.020333333,9557.5
414,2016/8/10,0.421,0.421,0.417,0.417,48.67,116259300,,strategy3data,0,0.4148,0.435733333,-0.020933333,9555
415,2016/8/11,0.415,0.418,0.411,0.411,44.54,107393600,,strategy3data,0,0.4136,0.435033333,-0.021433333,9615
416,2016/8/12,0.41,0.418,0.41,0.417,45.49,109926100,,strategy3data,0,0.4139,0.434633333,-0.020733333,9827.5
417,2016/8/15,0.416,0.449,0.415,0.442,147.05,340459300,,strategy3data,0,0.4171,0.4347,-0.0176,10100
418,2016/8/16,0.44,0.444,0.435,0.436,124.14,282526500,,strategy3data,0,0.4194,0.4346,-0.0152,9925
419,2016/8/17,0.436,0.436,0.427,0.431,103.47,239410100,,strategy3data,0,0.4215,0.4342,-0.0127,9875
420,2016/8/18,0.43,0.433,0.428,0.429,83.65,194481900,,strategy3data,0,0.4231,0.433733333,-0.010633333,9820
421,2016/8/19,0.43,0.43,0.427,0.429,57.1,133298600,,strategy3data,0,0.4249,0.433266667,-0.008366667,9857.5
422,2016/8/22,0.429,0.43,0.42,0.42,56.19,132129300,,strategy3data,0,0.4253,0.4325,-0.0072,9842.5
423,2016/8/23,0.42,0.422,0.417,0.419,68.99,164203000,,strategy3data,0,0.4251,0.431366667,-0.006266667,9862.5
424,2016/8/24,0.42,0.425,0.417,0.423,64.22,152475000,,strategy3data,0,0.4257,0.430166667,-0.004466667,9822.5
425,2016/8/25,0.421,0.422,0.415,0.421,60.16,143960600,,strategy3data,0,0.4267,0.4289,-0.0022,9742.5
426,2016/8/26,0.42,0.427,0.42,0.423,52.9,124889700,,strategy3data,0,0.4273,0.427733333,-0.000433333,9767.5
427,2016/8/29,0.422,0.427,0.421,0.426,53.48,125887700,,strategy3data,0,0.4257,0.426833333,-0.001133333,9710
428,2016/8/30,0.426,0.43,0.425,0.425,57.72,135073800,,strategy3data,0,0.4246,0.425933333,-0.001333333,9771.55
429,2016/8/31,0.426,0.426,0.421,0.425,43.32,102226400,,strategy3data,0,0.424,0.425066667,-0.001066667,9825
430,2016/9/1,0.425,0.425,0.42,0.421,28.5,67394900,,strategy3data,0,0.4232,0.424066667,-0.000866667,9762.5
431,2016/9/2,0.42,0.423,0.417,0.418,34.39,82006600,,strategy3data,0,0.4221,0.423133333,-0.001033333,9832.5
432,2016/9/5,0.419,0.423,0.418,0.42,37.12,88330200,,strategy3data,0,0.4221,0.4222,-0.0001,9870
433,2016/9/6,0.42,0.428,0.416,0.427,71.58,169502100,,strategy3data,0,0.4229,0.4213,0.0016,9862.5
434,2016/9/7,0.427,0.428,0.423,0.424,38.59,90591200,,strategy3data,0,0.423,0.421166667,0.001833333,9845
435,2016/9/8,0.423,0.425,0.422,0.425,26.91,63509900,,strategy3data,0,0.4234,0.421233333,0.002166667,9857.5
436,2016/9/9,0.424,0.426,0.421,0.421,41.36,97560500,,strategy3data,0,0.4232,0.421466667,0.001733333,9800
437,2016/9/12,0.412,0.412,0.405,0.406,88.54,216193200,,strategy3data,0,0.4212,0.421333333,-0.000133333,9582.5
438,2016/9/13,0.407,0.409,0.405,0.406,30.89,75920400,,strategy3data,0,0.4193,0.4211,-0.0018,9602.5
439,2016/9/14,0.404,0.406,0.402,0.405,28.64,70923500,,strategy3data,0,0.4173,0.420933333,-0.003633333,9527.5
440,2016/9/19,0.404,0.409,0.404,0.408,35.68,87535300,,strategy3data,0,0.416,0.420766667,-0.004766667,9655
441,2016/9/20,0.408,0.408,0.405,0.406,16.28,40047000,,strategy3data,0,0.4148,0.4206,-0.0058,9637.5
442,2016/9/21,0.406,0.408,0.406,0.407,23.37,57446000,,strategy3data,0,0.4135,0.4203,-0.0068,9600
443,2016/9/22,0.409,0.41,0.408,0.408,30.39,74280800,,strategy3data,0,0.4116,0.419866667,-0.008266667,9665
444,2016/9/23,0.409,0.41,0.405,0.406,21.07,51743500,,strategy3data,0,0.4098,0.4195,-0.0097,9615
445,2016/9/26,0.406,0.406,0.397,0.399,49.33,122740516,,strategy3data,0,0.4072,0.4191,-0.0119,9457.5
